<?xml version="1.0"?>
<gpx xmlns="http://www.topografix.com/GPX/1/1" xmlns:xsi="http://www.w3.org/2001/XMLSchema-instance" version="1.1" creator="AllTrails.com" xsi:schemaLocation="http://www.topografix.com/GPX/1/1 http://www.topografix.com/GPX/1/1/gpx.xsd">
  <metadata>
    <name><![CDATA[Eleven Mile Canyon Route]]></name>
    <desc><![CDATA[]]></desc>
    <link href="http://www.alltrails.com">
      <text>AllTrails, LLC</text>
    </link>
    <bounds minlat="38.90525" minlon="-105.47171" maxlat="38.96921" maxlon="-105.36268"/>
  </metadata>
  <trk>
    <name><![CDATA[Eleven Mile Canyon Route]]></name>
    <src>AllTrails</src>
    <trkseg>
      <trkpt lat="38.96865" lon="-105.36368">
        <ele>2425.37</ele>
      </trkpt>
      <trkpt lat="38.96873" lon="-105.36368">
        <ele>2425.21</ele>
      </trkpt>
      <trkpt lat="38.96888" lon="-105.36374">
        <ele>2424.81</ele>
      </trkpt>
      <trkpt lat="38.969" lon="-105.36366">
        <ele>2424.7</ele>
      </trkpt>
      <trkpt lat="38.96917" lon="-105.36355">
        <ele>2424.38</ele>
      </trkpt>
      <trkpt lat="38.96921" lon="-105.36347">
        <ele>2424.58</ele>
      </trkpt>
      <trkpt lat="38.96921" lon="-105.36313">
        <ele>2425.66</ele>
      </trkpt>
      <trkpt lat="38.96921" lon="-105.36313">
        <ele>2425.66</ele>
      </trkpt>
      <trkpt lat="38.96921" lon="-105.36294">
        <ele>2426.52</ele>
      </trkpt>
      <trkpt lat="38.96918" lon="-105.36268">
        <ele>2429.09</ele>
      </trkpt>
      <trkpt lat="38.96909" lon="-105.3627">
        <ele>2429.17</ele>
      </trkpt>
      <trkpt lat="38.96909" lon="-105.3627">
        <ele>2429.17</ele>
      </trkpt>
      <trkpt lat="38.96907" lon="-105.3627">
        <ele>2429.29</ele>
      </trkpt>
      <trkpt lat="38.96894" lon="-105.36272">
        <ele>2429.74</ele>
      </trkpt>
      <trkpt lat="38.9688" lon="-105.36276">
        <ele>2429.04</ele>
      </trkpt>
      <trkpt lat="38.96872" lon="-105.36279">
        <ele>2429.38</ele>
      </trkpt>
      <trkpt lat="38.96868" lon="-105.36279">
        <ele>2429.74</ele>
      </trkpt>
      <trkpt lat="38.96866" lon="-105.3628">
        <ele>2429.74</ele>
      </trkpt>
      <trkpt lat="38.96864" lon="-105.3628">
        <ele>2429.74</ele>
      </trkpt>
      <trkpt lat="38.96863" lon="-105.3628">
        <ele>2429.74</ele>
      </trkpt>
      <trkpt lat="38.9686" lon="-105.36281">
        <ele>2430.14</ele>
      </trkpt>
      <trkpt lat="38.96856" lon="-105.36283">
        <ele>2430.14</ele>
      </trkpt>
      <trkpt lat="38.96851" lon="-105.36285">
        <ele>2429.62</ele>
      </trkpt>
      <trkpt lat="38.96843" lon="-105.36294">
        <ele>2429.38</ele>
      </trkpt>
      <trkpt lat="38.96839" lon="-105.36297">
        <ele>2429.74</ele>
      </trkpt>
      <trkpt lat="38.96828" lon="-105.3631">
        <ele>2429.36</ele>
      </trkpt>
      <trkpt lat="38.96814" lon="-105.36331">
        <ele>2428.58</ele>
      </trkpt>
      <trkpt lat="38.96804" lon="-105.36348">
        <ele>2427.5</ele>
      </trkpt>
      <trkpt lat="38.968" lon="-105.36356">
        <ele>2427.44</ele>
      </trkpt>
      <trkpt lat="38.96798" lon="-105.36361">
        <ele>2427.4</ele>
      </trkpt>
      <trkpt lat="38.96794" lon="-105.3637">
        <ele>2428.1</ele>
      </trkpt>
      <trkpt lat="38.96791" lon="-105.3638">
        <ele>2428.36</ele>
      </trkpt>
      <trkpt lat="38.96788" lon="-105.36394">
        <ele>2429.26</ele>
      </trkpt>
      <trkpt lat="38.96787" lon="-105.36406">
        <ele>2429.72</ele>
      </trkpt>
      <trkpt lat="38.96787" lon="-105.3641">
        <ele>2429.72</ele>
      </trkpt>
      <trkpt lat="38.96786" lon="-105.3642">
        <ele>2429.78</ele>
      </trkpt>
      <trkpt lat="38.96786" lon="-105.3644">
        <ele>2429.63</ele>
      </trkpt>
      <trkpt lat="38.96785" lon="-105.36453">
        <ele>2429.53</ele>
      </trkpt>
      <trkpt lat="38.96785" lon="-105.36464">
        <ele>2429.39</ele>
      </trkpt>
      <trkpt lat="38.96784" lon="-105.36468">
        <ele>2429.39</ele>
      </trkpt>
      <trkpt lat="38.96784" lon="-105.3647">
        <ele>2429.39</ele>
      </trkpt>
      <trkpt lat="38.96784" lon="-105.36476">
        <ele>2429.31</ele>
      </trkpt>
      <trkpt lat="38.96783" lon="-105.3648">
        <ele>2429.31</ele>
      </trkpt>
      <trkpt lat="38.96783" lon="-105.36485">
        <ele>2429.23</ele>
      </trkpt>
      <trkpt lat="38.96782" lon="-105.36493">
        <ele>2429.09</ele>
      </trkpt>
      <trkpt lat="38.9678" lon="-105.365">
        <ele>2430.24</ele>
      </trkpt>
      <trkpt lat="38.9678" lon="-105.36505">
        <ele>2430.24</ele>
      </trkpt>
      <trkpt lat="38.96779" lon="-105.36512">
        <ele>2429.88</ele>
      </trkpt>
      <trkpt lat="38.96777" lon="-105.36517">
        <ele>2429.38</ele>
      </trkpt>
      <trkpt lat="38.96776" lon="-105.36524">
        <ele>2428.8</ele>
      </trkpt>
      <trkpt lat="38.96776" lon="-105.36524">
        <ele>2428.8</ele>
      </trkpt>
      <trkpt lat="38.96769" lon="-105.3655">
        <ele>2428.48</ele>
      </trkpt>
      <trkpt lat="38.96764" lon="-105.36569">
        <ele>2429.03</ele>
      </trkpt>
      <trkpt lat="38.96761" lon="-105.36579">
        <ele>2430.35</ele>
      </trkpt>
      <trkpt lat="38.96759" lon="-105.36588">
        <ele>2429.67</ele>
      </trkpt>
      <trkpt lat="38.96754" lon="-105.36605">
        <ele>2430.11</ele>
      </trkpt>
      <trkpt lat="38.96748" lon="-105.36627">
        <ele>2429.23</ele>
      </trkpt>
      <trkpt lat="38.96742" lon="-105.36646">
        <ele>2427.89</ele>
      </trkpt>
      <trkpt lat="38.96737" lon="-105.36663">
        <ele>2427.71</ele>
      </trkpt>
      <trkpt lat="38.96734" lon="-105.36675">
        <ele>2428.52</ele>
      </trkpt>
      <trkpt lat="38.96733" lon="-105.36685">
        <ele>2428.3</ele>
      </trkpt>
      <trkpt lat="38.96733" lon="-105.36688">
        <ele>2428.24</ele>
      </trkpt>
      <trkpt lat="38.96733" lon="-105.36691">
        <ele>2428.24</ele>
      </trkpt>
      <trkpt lat="38.96733" lon="-105.36696">
        <ele>2428.32</ele>
      </trkpt>
      <trkpt lat="38.96732" lon="-105.367">
        <ele>2428.32</ele>
      </trkpt>
      <trkpt lat="38.96732" lon="-105.3671">
        <ele>2428.67</ele>
      </trkpt>
      <trkpt lat="38.96735" lon="-105.3674">
        <ele>2431.05</ele>
      </trkpt>
      <trkpt lat="38.96739" lon="-105.3676">
        <ele>2430.3</ele>
      </trkpt>
      <trkpt lat="38.96745" lon="-105.36783">
        <ele>2429.69</ele>
      </trkpt>
      <trkpt lat="38.96749" lon="-105.36798">
        <ele>2428.37</ele>
      </trkpt>
      <trkpt lat="38.9675" lon="-105.368">
        <ele>2428.93</ele>
      </trkpt>
      <trkpt lat="38.96751" lon="-105.36804">
        <ele>2428.93</ele>
      </trkpt>
      <trkpt lat="38.96753" lon="-105.3681">
        <ele>2429.69</ele>
      </trkpt>
      <trkpt lat="38.96755" lon="-105.36816">
        <ele>2430.71</ele>
      </trkpt>
      <trkpt lat="38.96764" lon="-105.36841">
        <ele>2430.85</ele>
      </trkpt>
      <trkpt lat="38.96767" lon="-105.36853">
        <ele>2439.64</ele>
      </trkpt>
      <trkpt lat="38.9677" lon="-105.36862">
        <ele>2440.84</ele>
      </trkpt>
      <trkpt lat="38.96775" lon="-105.36883">
        <ele>2444.48</ele>
      </trkpt>
      <trkpt lat="38.96778" lon="-105.36892">
        <ele>2442.9</ele>
      </trkpt>
      <trkpt lat="38.9678" lon="-105.36902">
        <ele>2444.02</ele>
      </trkpt>
      <trkpt lat="38.96781" lon="-105.36908">
        <ele>2444.02</ele>
      </trkpt>
      <trkpt lat="38.96782" lon="-105.36911">
        <ele>2440.74</ele>
      </trkpt>
      <trkpt lat="38.96782" lon="-105.36917">
        <ele>2440.74</ele>
      </trkpt>
      <trkpt lat="38.96783" lon="-105.36923">
        <ele>2440.74</ele>
      </trkpt>
      <trkpt lat="38.96783" lon="-105.36937">
        <ele>2439.22</ele>
      </trkpt>
      <trkpt lat="38.96782" lon="-105.36941">
        <ele>2439.22</ele>
      </trkpt>
      <trkpt lat="38.96782" lon="-105.36947">
        <ele>2437.26</ele>
      </trkpt>
      <trkpt lat="38.96779" lon="-105.3696">
        <ele>2440.44</ele>
      </trkpt>
      <trkpt lat="38.96774" lon="-105.36974">
        <ele>2441.32</ele>
      </trkpt>
      <trkpt lat="38.96769" lon="-105.36985">
        <ele>2439.99</ele>
      </trkpt>
      <trkpt lat="38.96761" lon="-105.36999">
        <ele>2442.63</ele>
      </trkpt>
      <trkpt lat="38.96755" lon="-105.37008">
        <ele>2443.23</ele>
      </trkpt>
      <trkpt lat="38.96753" lon="-105.37012">
        <ele>2443.23</ele>
      </trkpt>
      <trkpt lat="38.96748" lon="-105.3702">
        <ele>2443.75</ele>
      </trkpt>
      <trkpt lat="38.9674" lon="-105.37034">
        <ele>2442.73</ele>
      </trkpt>
      <trkpt lat="38.9673" lon="-105.37051">
        <ele>2441.51</ele>
      </trkpt>
      <trkpt lat="38.9672" lon="-105.3707">
        <ele>2442.41</ele>
      </trkpt>
      <trkpt lat="38.96709" lon="-105.37091">
        <ele>2440.43</ele>
      </trkpt>
      <trkpt lat="38.96702" lon="-105.37103">
        <ele>2441.31</ele>
      </trkpt>
      <trkpt lat="38.967" lon="-105.37106">
        <ele>2443.61</ele>
      </trkpt>
      <trkpt lat="38.967" lon="-105.37106">
        <ele>2443.61</ele>
      </trkpt>
      <trkpt lat="38.96698" lon="-105.3711">
        <ele>2442.41</ele>
      </trkpt>
      <trkpt lat="38.96695" lon="-105.37115">
        <ele>2444.37</ele>
      </trkpt>
      <trkpt lat="38.9669" lon="-105.37126">
        <ele>2442.18</ele>
      </trkpt>
      <trkpt lat="38.96682" lon="-105.37141">
        <ele>2442.34</ele>
      </trkpt>
      <trkpt lat="38.96677" lon="-105.37149">
        <ele>2442.35</ele>
      </trkpt>
      <trkpt lat="38.96675" lon="-105.37153">
        <ele>2442.37</ele>
      </trkpt>
      <trkpt lat="38.96674" lon="-105.37155">
        <ele>2442.33</ele>
      </trkpt>
      <trkpt lat="38.96667" lon="-105.37163">
        <ele>2442.27</ele>
      </trkpt>
      <trkpt lat="38.96652" lon="-105.3718">
        <ele>2442.99</ele>
      </trkpt>
      <trkpt lat="38.96643" lon="-105.3719">
        <ele>2443.15</ele>
      </trkpt>
      <trkpt lat="38.96641" lon="-105.37192">
        <ele>2443.19</ele>
      </trkpt>
      <trkpt lat="38.96635" lon="-105.37199">
        <ele>2443.11</ele>
      </trkpt>
      <trkpt lat="38.96625" lon="-105.3721">
        <ele>2442.99</ele>
      </trkpt>
      <trkpt lat="38.96611" lon="-105.37224">
        <ele>2443.03</ele>
      </trkpt>
      <trkpt lat="38.96603" lon="-105.37231">
        <ele>2443.01</ele>
      </trkpt>
      <trkpt lat="38.96587" lon="-105.37243">
        <ele>2442.71</ele>
      </trkpt>
      <trkpt lat="38.96574" lon="-105.37254">
        <ele>2442.5</ele>
      </trkpt>
      <trkpt lat="38.96568" lon="-105.37259">
        <ele>2442.38</ele>
      </trkpt>
      <trkpt lat="38.96559" lon="-105.37266">
        <ele>2442.26</ele>
      </trkpt>
      <trkpt lat="38.96544" lon="-105.37279">
        <ele>2442.26</ele>
      </trkpt>
      <trkpt lat="38.96522" lon="-105.37297">
        <ele>2442.48</ele>
      </trkpt>
      <trkpt lat="38.96506" lon="-105.37309">
        <ele>2442.6</ele>
      </trkpt>
      <trkpt lat="38.96495" lon="-105.37318">
        <ele>2442.88</ele>
      </trkpt>
      <trkpt lat="38.96492" lon="-105.3732">
        <ele>2442.76</ele>
      </trkpt>
      <trkpt lat="38.96486" lon="-105.37325">
        <ele>2442.99</ele>
      </trkpt>
      <trkpt lat="38.96469" lon="-105.37338">
        <ele>2442.99</ele>
      </trkpt>
      <trkpt lat="38.96453" lon="-105.37349">
        <ele>2443.41</ele>
      </trkpt>
      <trkpt lat="38.96442" lon="-105.37356">
        <ele>2443.43</ele>
      </trkpt>
      <trkpt lat="38.96422" lon="-105.3737">
        <ele>2444.01</ele>
      </trkpt>
      <trkpt lat="38.96413" lon="-105.37377">
        <ele>2443.96</ele>
      </trkpt>
      <trkpt lat="38.96409" lon="-105.3738">
        <ele>2443.96</ele>
      </trkpt>
      <trkpt lat="38.96401" lon="-105.37389">
        <ele>2444.18</ele>
      </trkpt>
      <trkpt lat="38.96389" lon="-105.374">
        <ele>2444.46</ele>
      </trkpt>
      <trkpt lat="38.96369" lon="-105.37416">
        <ele>2444.54</ele>
      </trkpt>
      <trkpt lat="38.96353" lon="-105.37423">
        <ele>2444.62</ele>
      </trkpt>
      <trkpt lat="38.96341" lon="-105.37428">
        <ele>2444.98</ele>
      </trkpt>
      <trkpt lat="38.96335" lon="-105.3743">
        <ele>2444.98</ele>
      </trkpt>
      <trkpt lat="38.96333" lon="-105.37431">
        <ele>2445.94</ele>
      </trkpt>
      <trkpt lat="38.96327" lon="-105.37432">
        <ele>2447.8</ele>
      </trkpt>
      <trkpt lat="38.9632" lon="-105.37435">
        <ele>2449.86</ele>
      </trkpt>
      <trkpt lat="38.96309" lon="-105.37439">
        <ele>2451.82</ele>
      </trkpt>
      <trkpt lat="38.96298" lon="-105.37441">
        <ele>2454.31</ele>
      </trkpt>
      <trkpt lat="38.96285" lon="-105.37443">
        <ele>2454.13</ele>
      </trkpt>
      <trkpt lat="38.96266" lon="-105.37439">
        <ele>2456.13</ele>
      </trkpt>
      <trkpt lat="38.96252" lon="-105.37436">
        <ele>2455.65</ele>
      </trkpt>
      <trkpt lat="38.96247" lon="-105.37434">
        <ele>2454.84</ele>
      </trkpt>
      <trkpt lat="38.96238" lon="-105.3743">
        <ele>2454.21</ele>
      </trkpt>
      <trkpt lat="38.96223" lon="-105.37423">
        <ele>2453.39</ele>
      </trkpt>
      <trkpt lat="38.96204" lon="-105.37414">
        <ele>2455.15</ele>
      </trkpt>
      <trkpt lat="38.962" lon="-105.37412">
        <ele>2454.88</ele>
      </trkpt>
      <trkpt lat="38.9618" lon="-105.37405">
        <ele>2456.36</ele>
      </trkpt>
      <trkpt lat="38.96166" lon="-105.374">
        <ele>2454.92</ele>
      </trkpt>
      <trkpt lat="38.96161" lon="-105.37399">
        <ele>2455.74</ele>
      </trkpt>
      <trkpt lat="38.96157" lon="-105.37398">
        <ele>2455.74</ele>
      </trkpt>
      <trkpt lat="38.9615" lon="-105.37397">
        <ele>2454.32</ele>
      </trkpt>
      <trkpt lat="38.96142" lon="-105.37397">
        <ele>2452.75</ele>
      </trkpt>
      <trkpt lat="38.96136" lon="-105.37397">
        <ele>2451.09</ele>
      </trkpt>
      <trkpt lat="38.96131" lon="-105.37398">
        <ele>2449.69</ele>
      </trkpt>
      <trkpt lat="38.96127" lon="-105.37399">
        <ele>2448.95</ele>
      </trkpt>
      <trkpt lat="38.9612" lon="-105.37402">
        <ele>2447.01</ele>
      </trkpt>
      <trkpt lat="38.96108" lon="-105.37409">
        <ele>2446.25</ele>
      </trkpt>
      <trkpt lat="38.96101" lon="-105.37415">
        <ele>2446.17</ele>
      </trkpt>
      <trkpt lat="38.96095" lon="-105.37422">
        <ele>2446.03</ele>
      </trkpt>
      <trkpt lat="38.9609" lon="-105.37432">
        <ele>2446.17</ele>
      </trkpt>
      <trkpt lat="38.96087" lon="-105.37441">
        <ele>2448.01</ele>
      </trkpt>
      <trkpt lat="38.96086" lon="-105.37444">
        <ele>2448.13</ele>
      </trkpt>
      <trkpt lat="38.96081" lon="-105.37458">
        <ele>2449.1</ele>
      </trkpt>
      <trkpt lat="38.96075" lon="-105.37477">
        <ele>2448.38</ele>
      </trkpt>
      <trkpt lat="38.96068" lon="-105.375">
        <ele>2449.46</ele>
      </trkpt>
      <trkpt lat="38.96056" lon="-105.37523">
        <ele>2447.78</ele>
      </trkpt>
      <trkpt lat="38.96047" lon="-105.37539">
        <ele>2446.51</ele>
      </trkpt>
      <trkpt lat="38.96044" lon="-105.37545">
        <ele>2446.51</ele>
      </trkpt>
      <trkpt lat="38.96038" lon="-105.37556">
        <ele>2446.1</ele>
      </trkpt>
      <trkpt lat="38.9603" lon="-105.37573">
        <ele>2446.48</ele>
      </trkpt>
      <trkpt lat="38.96021" lon="-105.37594">
        <ele>2447.44</ele>
      </trkpt>
      <trkpt lat="38.96017" lon="-105.37603">
        <ele>2448.24</ele>
      </trkpt>
      <trkpt lat="38.96006" lon="-105.37628">
        <ele>2449.28</ele>
      </trkpt>
      <trkpt lat="38.95999" lon="-105.37645">
        <ele>2449.22</ele>
      </trkpt>
      <trkpt lat="38.95996" lon="-105.37651">
        <ele>2448.8</ele>
      </trkpt>
      <trkpt lat="38.95989" lon="-105.37666">
        <ele>2448.58</ele>
      </trkpt>
      <trkpt lat="38.9598" lon="-105.37688">
        <ele>2449.04</ele>
      </trkpt>
      <trkpt lat="38.95978" lon="-105.37693">
        <ele>2448.74</ele>
      </trkpt>
      <trkpt lat="38.95966" lon="-105.3772">
        <ele>2450.06</ele>
      </trkpt>
      <trkpt lat="38.95961" lon="-105.37732">
        <ele>2450.34</ele>
      </trkpt>
      <trkpt lat="38.95956" lon="-105.37742">
        <ele>2451.44</ele>
      </trkpt>
      <trkpt lat="38.95955" lon="-105.37745">
        <ele>2451.4</ele>
      </trkpt>
      <trkpt lat="38.95951" lon="-105.37752">
        <ele>2452.16</ele>
      </trkpt>
      <trkpt lat="38.95941" lon="-105.3777">
        <ele>2452.32</ele>
      </trkpt>
      <trkpt lat="38.95926" lon="-105.37798">
        <ele>2453.75</ele>
      </trkpt>
      <trkpt lat="38.95914" lon="-105.37817">
        <ele>2454.66</ele>
      </trkpt>
      <trkpt lat="38.95904" lon="-105.37832">
        <ele>2454.22</ele>
      </trkpt>
      <trkpt lat="38.959" lon="-105.37837">
        <ele>2455.22</ele>
      </trkpt>
      <trkpt lat="38.9589" lon="-105.37849">
        <ele>2454.54</ele>
      </trkpt>
      <trkpt lat="38.95875" lon="-105.3787">
        <ele>2454.53</ele>
      </trkpt>
      <trkpt lat="38.95869" lon="-105.37878">
        <ele>2454.23</ele>
      </trkpt>
      <trkpt lat="38.95856" lon="-105.37896">
        <ele>2452.91</ele>
      </trkpt>
      <trkpt lat="38.95847" lon="-105.37907">
        <ele>2451.05</ele>
      </trkpt>
      <trkpt lat="38.9584" lon="-105.37916">
        <ele>2450.33</ele>
      </trkpt>
      <trkpt lat="38.95838" lon="-105.3792">
        <ele>2450.33</ele>
      </trkpt>
      <trkpt lat="38.95835" lon="-105.37924">
        <ele>2449.95</ele>
      </trkpt>
      <trkpt lat="38.9583" lon="-105.37931">
        <ele>2450.03</ele>
      </trkpt>
      <trkpt lat="38.95823" lon="-105.37939">
        <ele>2449.93</ele>
      </trkpt>
      <trkpt lat="38.95801" lon="-105.37971">
        <ele>2449.93</ele>
      </trkpt>
      <trkpt lat="38.95791" lon="-105.3799">
        <ele>2450.77</ele>
      </trkpt>
      <trkpt lat="38.95783" lon="-105.38003">
        <ele>2451.81</ele>
      </trkpt>
      <trkpt lat="38.9578" lon="-105.38009">
        <ele>2452.63</ele>
      </trkpt>
      <trkpt lat="38.9578" lon="-105.38009">
        <ele>2452.63</ele>
      </trkpt>
      <trkpt lat="38.95779" lon="-105.38013">
        <ele>2452.63</ele>
      </trkpt>
      <trkpt lat="38.95777" lon="-105.38016">
        <ele>2452.63</ele>
      </trkpt>
      <trkpt lat="38.95774" lon="-105.38024">
        <ele>2453.43</ele>
      </trkpt>
      <trkpt lat="38.95771" lon="-105.38033">
        <ele>2453.57</ele>
      </trkpt>
      <trkpt lat="38.95763" lon="-105.38063">
        <ele>2452.83</ele>
      </trkpt>
      <trkpt lat="38.95759" lon="-105.38081">
        <ele>2452.29</ele>
      </trkpt>
      <trkpt lat="38.95756" lon="-105.38098">
        <ele>2451.35</ele>
      </trkpt>
      <trkpt lat="38.95756" lon="-105.38107">
        <ele>2451.05</ele>
      </trkpt>
      <trkpt lat="38.95755" lon="-105.38114">
        <ele>2450.99</ele>
      </trkpt>
      <trkpt lat="38.95754" lon="-105.38118">
        <ele>2451.75</ele>
      </trkpt>
      <trkpt lat="38.95754" lon="-105.38119">
        <ele>2451.75</ele>
      </trkpt>
      <trkpt lat="38.95754" lon="-105.38128">
        <ele>2451.99</ele>
      </trkpt>
      <trkpt lat="38.95753" lon="-105.38141">
        <ele>2453.35</ele>
      </trkpt>
      <trkpt lat="38.95754" lon="-105.38158">
        <ele>2454.97</ele>
      </trkpt>
      <trkpt lat="38.95754" lon="-105.38169">
        <ele>2455.71</ele>
      </trkpt>
      <trkpt lat="38.95754" lon="-105.38176">
        <ele>2456.45</ele>
      </trkpt>
      <trkpt lat="38.95754" lon="-105.38178">
        <ele>2456.45</ele>
      </trkpt>
      <trkpt lat="38.95756" lon="-105.38188">
        <ele>2456.39</ele>
      </trkpt>
      <trkpt lat="38.95756" lon="-105.38198">
        <ele>2457.99</ele>
      </trkpt>
      <trkpt lat="38.95759" lon="-105.38213">
        <ele>2458.81</ele>
      </trkpt>
      <trkpt lat="38.95762" lon="-105.38226">
        <ele>2459.31</ele>
      </trkpt>
      <trkpt lat="38.95764" lon="-105.38231">
        <ele>2459.31</ele>
      </trkpt>
      <trkpt lat="38.95766" lon="-105.38236">
        <ele>2459.91</ele>
      </trkpt>
      <trkpt lat="38.9577" lon="-105.3825">
        <ele>2460.07</ele>
      </trkpt>
      <trkpt lat="38.95776" lon="-105.38271">
        <ele>2459.85</ele>
      </trkpt>
      <trkpt lat="38.95784" lon="-105.38306">
        <ele>2459.1</ele>
      </trkpt>
      <trkpt lat="38.9579" lon="-105.38331">
        <ele>2457.08</ele>
      </trkpt>
      <trkpt lat="38.95792" lon="-105.38341">
        <ele>2456.94</ele>
      </trkpt>
      <trkpt lat="38.95794" lon="-105.38349">
        <ele>2456.74</ele>
      </trkpt>
      <trkpt lat="38.95796" lon="-105.38358">
        <ele>2455.42</ele>
      </trkpt>
      <trkpt lat="38.95798" lon="-105.38366">
        <ele>2455.42</ele>
      </trkpt>
      <trkpt lat="38.95806" lon="-105.38404">
        <ele>2455.7</ele>
      </trkpt>
      <trkpt lat="38.95809" lon="-105.38419">
        <ele>2455.56</ele>
      </trkpt>
      <trkpt lat="38.9581" lon="-105.38426">
        <ele>2456.05</ele>
      </trkpt>
      <trkpt lat="38.95811" lon="-105.38431">
        <ele>2456.59</ele>
      </trkpt>
      <trkpt lat="38.95812" lon="-105.3844">
        <ele>2457.21</ele>
      </trkpt>
      <trkpt lat="38.95814" lon="-105.38448">
        <ele>2457.77</ele>
      </trkpt>
      <trkpt lat="38.95815" lon="-105.38452">
        <ele>2457.21</ele>
      </trkpt>
      <trkpt lat="38.95817" lon="-105.38462">
        <ele>2457.69</ele>
      </trkpt>
      <trkpt lat="38.95821" lon="-105.38479">
        <ele>2457.97</ele>
      </trkpt>
      <trkpt lat="38.95825" lon="-105.38502">
        <ele>2458.75</ele>
      </trkpt>
      <trkpt lat="38.95826" lon="-105.38508">
        <ele>2458.99</ele>
      </trkpt>
      <trkpt lat="38.95832" lon="-105.38533">
        <ele>2459.05</ele>
      </trkpt>
      <trkpt lat="38.95838" lon="-105.38564">
        <ele>2459.26</ele>
      </trkpt>
      <trkpt lat="38.95838" lon="-105.38566">
        <ele>2459.26</ele>
      </trkpt>
      <trkpt lat="38.9584" lon="-105.3857">
        <ele>2459.38</ele>
      </trkpt>
      <trkpt lat="38.9585" lon="-105.38631">
        <ele>2459.72</ele>
      </trkpt>
      <trkpt lat="38.95856" lon="-105.38669">
        <ele>2459.72</ele>
      </trkpt>
      <trkpt lat="38.95857" lon="-105.38676">
        <ele>2459.76</ele>
      </trkpt>
      <trkpt lat="38.95858" lon="-105.3869">
        <ele>2459.8</ele>
      </trkpt>
      <trkpt lat="38.95858" lon="-105.38702">
        <ele>2459.84</ele>
      </trkpt>
      <trkpt lat="38.95857" lon="-105.38714">
        <ele>2459.98</ele>
      </trkpt>
      <trkpt lat="38.95857" lon="-105.38734">
        <ele>2460.04</ele>
      </trkpt>
      <trkpt lat="38.95853" lon="-105.38763">
        <ele>2460.38</ele>
      </trkpt>
      <trkpt lat="38.95849" lon="-105.38784">
        <ele>2459.99</ele>
      </trkpt>
      <trkpt lat="38.95848" lon="-105.3879">
        <ele>2459.85</ele>
      </trkpt>
      <trkpt lat="38.95846" lon="-105.38798">
        <ele>2460.41</ele>
      </trkpt>
      <trkpt lat="38.95843" lon="-105.38812">
        <ele>2460.07</ele>
      </trkpt>
      <trkpt lat="38.95838" lon="-105.38831">
        <ele>2460.03</ele>
      </trkpt>
      <trkpt lat="38.95835" lon="-105.3884">
        <ele>2459.77</ele>
      </trkpt>
      <trkpt lat="38.95833" lon="-105.38845">
        <ele>2459.91</ele>
      </trkpt>
      <trkpt lat="38.95824" lon="-105.38866">
        <ele>2459.59</ele>
      </trkpt>
      <trkpt lat="38.95815" lon="-105.38886">
        <ele>2458.91</ele>
      </trkpt>
      <trkpt lat="38.9581" lon="-105.38895">
        <ele>2459.07</ele>
      </trkpt>
      <trkpt lat="38.95806" lon="-105.38903">
        <ele>2459.2</ele>
      </trkpt>
      <trkpt lat="38.95797" lon="-105.38918">
        <ele>2459.32</ele>
      </trkpt>
      <trkpt lat="38.95783" lon="-105.38938">
        <ele>2459.84</ele>
      </trkpt>
      <trkpt lat="38.95768" lon="-105.38956">
        <ele>2460.24</ele>
      </trkpt>
      <trkpt lat="38.95761" lon="-105.38962">
        <ele>2460.25</ele>
      </trkpt>
      <trkpt lat="38.95754" lon="-105.38969">
        <ele>2461.03</ele>
      </trkpt>
      <trkpt lat="38.95748" lon="-105.38974">
        <ele>2460.53</ele>
      </trkpt>
      <trkpt lat="38.95747" lon="-105.38975">
        <ele>2460.93</ele>
      </trkpt>
      <trkpt lat="38.95744" lon="-105.38978">
        <ele>2460.93</ele>
      </trkpt>
      <trkpt lat="38.9574" lon="-105.38981">
        <ele>2460.75</ele>
      </trkpt>
      <trkpt lat="38.95734" lon="-105.38984">
        <ele>2460.75</ele>
      </trkpt>
      <trkpt lat="38.95729" lon="-105.38986">
        <ele>2461.03</ele>
      </trkpt>
      <trkpt lat="38.9572" lon="-105.38989">
        <ele>2460.82</ele>
      </trkpt>
      <trkpt lat="38.9571" lon="-105.3899">
        <ele>2460.86</ele>
      </trkpt>
      <trkpt lat="38.95687" lon="-105.3899">
        <ele>2461.02</ele>
      </trkpt>
      <trkpt lat="38.95675" lon="-105.38988">
        <ele>2461.06</ele>
      </trkpt>
      <trkpt lat="38.95665" lon="-105.38986">
        <ele>2461.53</ele>
      </trkpt>
      <trkpt lat="38.9566" lon="-105.38984">
        <ele>2461.45</ele>
      </trkpt>
      <trkpt lat="38.95655" lon="-105.38983">
        <ele>2461.45</ele>
      </trkpt>
      <trkpt lat="38.95648" lon="-105.3898">
        <ele>2461.39</ele>
      </trkpt>
      <trkpt lat="38.95639" lon="-105.38976">
        <ele>2461.49</ele>
      </trkpt>
      <trkpt lat="38.95618" lon="-105.38963">
        <ele>2461.49</ele>
      </trkpt>
      <trkpt lat="38.95617" lon="-105.38962">
        <ele>2461.49</ele>
      </trkpt>
      <trkpt lat="38.9559" lon="-105.38948">
        <ele>2462.65</ele>
      </trkpt>
      <trkpt lat="38.95583" lon="-105.38945">
        <ele>2463.21</ele>
      </trkpt>
      <trkpt lat="38.95577" lon="-105.38942">
        <ele>2465.19</ele>
      </trkpt>
      <trkpt lat="38.95576" lon="-105.38942">
        <ele>2465.19</ele>
      </trkpt>
      <trkpt lat="38.95571" lon="-105.38941">
        <ele>2466.53</ele>
      </trkpt>
      <trkpt lat="38.9556" lon="-105.38939">
        <ele>2468.13</ele>
      </trkpt>
      <trkpt lat="38.95543" lon="-105.38939">
        <ele>2468.61</ele>
      </trkpt>
      <trkpt lat="38.95528" lon="-105.38943">
        <ele>2468.97</ele>
      </trkpt>
      <trkpt lat="38.95519" lon="-105.38945">
        <ele>2467.13</ele>
      </trkpt>
      <trkpt lat="38.95505" lon="-105.3895">
        <ele>2467.53</ele>
      </trkpt>
      <trkpt lat="38.95492" lon="-105.38953">
        <ele>2465.71</ele>
      </trkpt>
      <trkpt lat="38.95487" lon="-105.38955">
        <ele>2465.93</ele>
      </trkpt>
      <trkpt lat="38.9548" lon="-105.38957">
        <ele>2466.15</ele>
      </trkpt>
      <trkpt lat="38.9547" lon="-105.38959">
        <ele>2466.33</ele>
      </trkpt>
      <trkpt lat="38.95459" lon="-105.38961">
        <ele>2466.65</ele>
      </trkpt>
      <trkpt lat="38.95441" lon="-105.38961">
        <ele>2466.73</ele>
      </trkpt>
      <trkpt lat="38.95424" lon="-105.38958">
        <ele>2466.45</ele>
      </trkpt>
      <trkpt lat="38.95408" lon="-105.38956">
        <ele>2466.19</ele>
      </trkpt>
      <trkpt lat="38.95398" lon="-105.38954">
        <ele>2465.68</ele>
      </trkpt>
      <trkpt lat="38.95391" lon="-105.38953">
        <ele>2465.48</ele>
      </trkpt>
      <trkpt lat="38.95381" lon="-105.38951">
        <ele>2467.46</ele>
      </trkpt>
      <trkpt lat="38.9537" lon="-105.38948">
        <ele>2467.14</ele>
      </trkpt>
      <trkpt lat="38.95354" lon="-105.38943">
        <ele>2469.06</ele>
      </trkpt>
      <trkpt lat="38.95346" lon="-105.3894">
        <ele>2468.39</ele>
      </trkpt>
      <trkpt lat="38.9534" lon="-105.38939">
        <ele>2468.09</ele>
      </trkpt>
      <trkpt lat="38.95331" lon="-105.38938">
        <ele>2467.87</ele>
      </trkpt>
      <trkpt lat="38.9532" lon="-105.38938">
        <ele>2467.85</ele>
      </trkpt>
      <trkpt lat="38.95311" lon="-105.38939">
        <ele>2468.07</ele>
      </trkpt>
      <trkpt lat="38.95309" lon="-105.3894">
        <ele>2468.07</ele>
      </trkpt>
      <trkpt lat="38.95306" lon="-105.38941">
        <ele>2468.47</ele>
      </trkpt>
      <trkpt lat="38.953" lon="-105.38943">
        <ele>2469.07</ele>
      </trkpt>
      <trkpt lat="38.95294" lon="-105.38946">
        <ele>2467.33</ele>
      </trkpt>
      <trkpt lat="38.95283" lon="-105.38954">
        <ele>2467.26</ele>
      </trkpt>
      <trkpt lat="38.95252" lon="-105.38982">
        <ele>2467.0</ele>
      </trkpt>
      <trkpt lat="38.95236" lon="-105.38998">
        <ele>2466.49</ele>
      </trkpt>
      <trkpt lat="38.95234" lon="-105.39">
        <ele>2466.49</ele>
      </trkpt>
      <trkpt lat="38.95232" lon="-105.39002">
        <ele>2468.19</ele>
      </trkpt>
      <trkpt lat="38.95229" lon="-105.39006">
        <ele>2466.45</ele>
      </trkpt>
      <trkpt lat="38.95225" lon="-105.3901">
        <ele>2468.21</ele>
      </trkpt>
      <trkpt lat="38.95213" lon="-105.39025">
        <ele>2468.47</ele>
      </trkpt>
      <trkpt lat="38.95206" lon="-105.39035">
        <ele>2468.55</ele>
      </trkpt>
      <trkpt lat="38.95195" lon="-105.39055">
        <ele>2466.52</ele>
      </trkpt>
      <trkpt lat="38.95186" lon="-105.39074">
        <ele>2465.34</ele>
      </trkpt>
      <trkpt lat="38.95179" lon="-105.39087">
        <ele>2465.5</ele>
      </trkpt>
      <trkpt lat="38.95177" lon="-105.3909">
        <ele>2465.5</ele>
      </trkpt>
      <trkpt lat="38.95177" lon="-105.3909">
        <ele>2465.5</ele>
      </trkpt>
      <trkpt lat="38.95174" lon="-105.39095">
        <ele>2464.92</ele>
      </trkpt>
      <trkpt lat="38.9517" lon="-105.39102">
        <ele>2464.98</ele>
      </trkpt>
      <trkpt lat="38.95164" lon="-105.39113">
        <ele>2465.01</ele>
      </trkpt>
      <trkpt lat="38.95159" lon="-105.39122">
        <ele>2465.01</ele>
      </trkpt>
      <trkpt lat="38.95152" lon="-105.39137">
        <ele>2465.11</ele>
      </trkpt>
      <trkpt lat="38.95143" lon="-105.39155">
        <ele>2466.51</ele>
      </trkpt>
      <trkpt lat="38.95131" lon="-105.39177">
        <ele>2470.03</ele>
      </trkpt>
      <trkpt lat="38.95126" lon="-105.39184">
        <ele>2468.39</ele>
      </trkpt>
      <trkpt lat="38.95121" lon="-105.39192">
        <ele>2470.61</ele>
      </trkpt>
      <trkpt lat="38.95116" lon="-105.39199">
        <ele>2471.21</ele>
      </trkpt>
      <trkpt lat="38.9511" lon="-105.39205">
        <ele>2471.77</ele>
      </trkpt>
      <trkpt lat="38.95103" lon="-105.39211">
        <ele>2472.19</ele>
      </trkpt>
      <trkpt lat="38.95093" lon="-105.39219">
        <ele>2471.71</ele>
      </trkpt>
      <trkpt lat="38.95077" lon="-105.39227">
        <ele>2470.29</ele>
      </trkpt>
      <trkpt lat="38.95064" lon="-105.39231">
        <ele>2470.49</ele>
      </trkpt>
      <trkpt lat="38.95054" lon="-105.39234">
        <ele>2470.05</ele>
      </trkpt>
      <trkpt lat="38.95048" lon="-105.39235">
        <ele>2469.69</ele>
      </trkpt>
      <trkpt lat="38.95044" lon="-105.39236">
        <ele>2469.39</ele>
      </trkpt>
      <trkpt lat="38.95035" lon="-105.39236">
        <ele>2469.09</ele>
      </trkpt>
      <trkpt lat="38.95023" lon="-105.39238">
        <ele>2470.2</ele>
      </trkpt>
      <trkpt lat="38.95011" lon="-105.39238">
        <ele>2469.86</ele>
      </trkpt>
      <trkpt lat="38.95005" lon="-105.39239">
        <ele>2469.72</ele>
      </trkpt>
      <trkpt lat="38.94992" lon="-105.39239">
        <ele>2469.5</ele>
      </trkpt>
      <trkpt lat="38.94985" lon="-105.3924">
        <ele>2469.38</ele>
      </trkpt>
      <trkpt lat="38.94973" lon="-105.39241">
        <ele>2469.21</ele>
      </trkpt>
      <trkpt lat="38.94962" lon="-105.39242">
        <ele>2469.11</ele>
      </trkpt>
      <trkpt lat="38.94958" lon="-105.39243">
        <ele>2468.99</ele>
      </trkpt>
      <trkpt lat="38.94948" lon="-105.39244">
        <ele>2468.89</ele>
      </trkpt>
      <trkpt lat="38.94934" lon="-105.39246">
        <ele>2470.16</ele>
      </trkpt>
      <trkpt lat="38.94915" lon="-105.39247">
        <ele>2470.24</ele>
      </trkpt>
      <trkpt lat="38.94913" lon="-105.39247">
        <ele>2470.24</ele>
      </trkpt>
      <trkpt lat="38.94869" lon="-105.39252">
        <ele>2470.56</ele>
      </trkpt>
      <trkpt lat="38.94868" lon="-105.39252">
        <ele>2470.56</ele>
      </trkpt>
      <trkpt lat="38.94863" lon="-105.39253">
        <ele>2470.54</ele>
      </trkpt>
      <trkpt lat="38.94813" lon="-105.39258">
        <ele>2471.82</ele>
      </trkpt>
      <trkpt lat="38.94784" lon="-105.3926">
        <ele>2471.16</ele>
      </trkpt>
      <trkpt lat="38.94778" lon="-105.3926">
        <ele>2471.12</ele>
      </trkpt>
      <trkpt lat="38.94774" lon="-105.3926">
        <ele>2471.12</ele>
      </trkpt>
      <trkpt lat="38.94765" lon="-105.39259">
        <ele>2471.22</ele>
      </trkpt>
      <trkpt lat="38.94754" lon="-105.39257">
        <ele>2471.36</ele>
      </trkpt>
      <trkpt lat="38.94739" lon="-105.39253">
        <ele>2470.94</ele>
      </trkpt>
      <trkpt lat="38.94731" lon="-105.39251">
        <ele>2471.48</ele>
      </trkpt>
      <trkpt lat="38.94725" lon="-105.39248">
        <ele>2472.1</ele>
      </trkpt>
      <trkpt lat="38.94711" lon="-105.3924">
        <ele>2471.6</ele>
      </trkpt>
      <trkpt lat="38.94698" lon="-105.39233">
        <ele>2471.16</ele>
      </trkpt>
      <trkpt lat="38.94693" lon="-105.39229">
        <ele>2471.16</ele>
      </trkpt>
      <trkpt lat="38.94687" lon="-105.39225">
        <ele>2470.4</ele>
      </trkpt>
      <trkpt lat="38.94678" lon="-105.39219">
        <ele>2471.92</ele>
      </trkpt>
      <trkpt lat="38.94668" lon="-105.39213">
        <ele>2471.24</ele>
      </trkpt>
      <trkpt lat="38.94652" lon="-105.39204">
        <ele>2472.19</ele>
      </trkpt>
      <trkpt lat="38.94627" lon="-105.39191">
        <ele>2470.91</ele>
      </trkpt>
      <trkpt lat="38.94618" lon="-105.39187">
        <ele>2472.0</ele>
      </trkpt>
      <trkpt lat="38.94611" lon="-105.39184">
        <ele>2470.89</ele>
      </trkpt>
      <trkpt lat="38.9461" lon="-105.39184">
        <ele>2470.89</ele>
      </trkpt>
      <trkpt lat="38.94604" lon="-105.39182">
        <ele>2471.22</ele>
      </trkpt>
      <trkpt lat="38.94598" lon="-105.39181">
        <ele>2471.52</ele>
      </trkpt>
      <trkpt lat="38.94592" lon="-105.3918">
        <ele>2471.72</ele>
      </trkpt>
      <trkpt lat="38.94584" lon="-105.3918">
        <ele>2471.84</ele>
      </trkpt>
      <trkpt lat="38.94572" lon="-105.39182">
        <ele>2471.76</ele>
      </trkpt>
      <trkpt lat="38.94558" lon="-105.39187">
        <ele>2473.1</ele>
      </trkpt>
      <trkpt lat="38.94537" lon="-105.39195">
        <ele>2473.81</ele>
      </trkpt>
      <trkpt lat="38.94523" lon="-105.39201">
        <ele>2473.13</ele>
      </trkpt>
      <trkpt lat="38.94522" lon="-105.39201">
        <ele>2473.13</ele>
      </trkpt>
      <trkpt lat="38.94514" lon="-105.39205">
        <ele>2474.09</ele>
      </trkpt>
      <trkpt lat="38.94504" lon="-105.3921">
        <ele>2473.03</ele>
      </trkpt>
      <trkpt lat="38.94492" lon="-105.39217">
        <ele>2472.77</ele>
      </trkpt>
      <trkpt lat="38.94472" lon="-105.39235">
        <ele>2472.29</ele>
      </trkpt>
      <trkpt lat="38.94464" lon="-105.39244">
        <ele>2472.45</ele>
      </trkpt>
      <trkpt lat="38.94454" lon="-105.39253">
        <ele>2472.62</ele>
      </trkpt>
      <trkpt lat="38.94447" lon="-105.3926">
        <ele>2472.7</ele>
      </trkpt>
      <trkpt lat="38.94446" lon="-105.39261">
        <ele>2472.7</ele>
      </trkpt>
      <trkpt lat="38.94439" lon="-105.39268">
        <ele>2471.94</ele>
      </trkpt>
      <trkpt lat="38.94424" lon="-105.39282">
        <ele>2471.94</ele>
      </trkpt>
      <trkpt lat="38.9441" lon="-105.39296">
        <ele>2471.72</ele>
      </trkpt>
      <trkpt lat="38.94404" lon="-105.39302">
        <ele>2471.84</ele>
      </trkpt>
      <trkpt lat="38.94398" lon="-105.39307">
        <ele>2472.0</ele>
      </trkpt>
      <trkpt lat="38.94387" lon="-105.39318">
        <ele>2472.18</ele>
      </trkpt>
      <trkpt lat="38.94374" lon="-105.39329">
        <ele>2472.19</ele>
      </trkpt>
      <trkpt lat="38.94374" lon="-105.39329">
        <ele>2472.19</ele>
      </trkpt>
      <trkpt lat="38.94348" lon="-105.39354">
        <ele>2472.87</ele>
      </trkpt>
      <trkpt lat="38.94322" lon="-105.39378">
        <ele>2473.53</ele>
      </trkpt>
      <trkpt lat="38.94301" lon="-105.39398">
        <ele>2474.0</ele>
      </trkpt>
      <trkpt lat="38.94295" lon="-105.39403">
        <ele>2474.24</ele>
      </trkpt>
      <trkpt lat="38.94286" lon="-105.39412">
        <ele>2474.6</ele>
      </trkpt>
      <trkpt lat="38.94273" lon="-105.39424">
        <ele>2474.28</ele>
      </trkpt>
      <trkpt lat="38.94253" lon="-105.39441">
        <ele>2474.18</ele>
      </trkpt>
      <trkpt lat="38.94236" lon="-105.39457">
        <ele>2474.08</ele>
      </trkpt>
      <trkpt lat="38.94228" lon="-105.39466">
        <ele>2474.14</ele>
      </trkpt>
      <trkpt lat="38.94224" lon="-105.3947">
        <ele>2474.14</ele>
      </trkpt>
      <trkpt lat="38.94218" lon="-105.39477">
        <ele>2474.06</ele>
      </trkpt>
      <trkpt lat="38.94212" lon="-105.39484">
        <ele>2473.54</ele>
      </trkpt>
      <trkpt lat="38.94208" lon="-105.3949">
        <ele>2473.88</ele>
      </trkpt>
      <trkpt lat="38.94204" lon="-105.39498">
        <ele>2473.68</ele>
      </trkpt>
      <trkpt lat="38.94201" lon="-105.39506">
        <ele>2473.9</ele>
      </trkpt>
      <trkpt lat="38.942" lon="-105.39509">
        <ele>2473.9</ele>
      </trkpt>
      <trkpt lat="38.94198" lon="-105.39515">
        <ele>2473.56</ele>
      </trkpt>
      <trkpt lat="38.94195" lon="-105.39528">
        <ele>2473.93</ele>
      </trkpt>
      <trkpt lat="38.94194" lon="-105.39545">
        <ele>2474.09</ele>
      </trkpt>
      <trkpt lat="38.94193" lon="-105.39559">
        <ele>2474.25</ele>
      </trkpt>
      <trkpt lat="38.94193" lon="-105.39566">
        <ele>2474.31</ele>
      </trkpt>
      <trkpt lat="38.94193" lon="-105.39571">
        <ele>2474.35</ele>
      </trkpt>
      <trkpt lat="38.94193" lon="-105.39586">
        <ele>2474.39</ele>
      </trkpt>
      <trkpt lat="38.94192" lon="-105.39609">
        <ele>2473.94</ele>
      </trkpt>
      <trkpt lat="38.94192" lon="-105.39637">
        <ele>2474.14</ele>
      </trkpt>
      <trkpt lat="38.94191" lon="-105.39655">
        <ele>2474.22</ele>
      </trkpt>
      <trkpt lat="38.94191" lon="-105.3967">
        <ele>2474.28</ele>
      </trkpt>
      <trkpt lat="38.9419" lon="-105.39681">
        <ele>2474.3</ele>
      </trkpt>
      <trkpt lat="38.9419" lon="-105.39684">
        <ele>2474.34</ele>
      </trkpt>
      <trkpt lat="38.9419" lon="-105.39685">
        <ele>2474.34</ele>
      </trkpt>
      <trkpt lat="38.9419" lon="-105.39688">
        <ele>2474.34</ele>
      </trkpt>
      <trkpt lat="38.94189" lon="-105.39694">
        <ele>2474.38</ele>
      </trkpt>
      <trkpt lat="38.94189" lon="-105.39708">
        <ele>2474.42</ele>
      </trkpt>
      <trkpt lat="38.94188" lon="-105.39736">
        <ele>2474.57</ele>
      </trkpt>
      <trkpt lat="38.94188" lon="-105.3977">
        <ele>2474.65</ele>
      </trkpt>
      <trkpt lat="38.94187" lon="-105.39787">
        <ele>2474.63</ele>
      </trkpt>
      <trkpt lat="38.94187" lon="-105.39796">
        <ele>2474.61</ele>
      </trkpt>
      <trkpt lat="38.94187" lon="-105.39798">
        <ele>2474.61</ele>
      </trkpt>
      <trkpt lat="38.94187" lon="-105.39813">
        <ele>2474.57</ele>
      </trkpt>
      <trkpt lat="38.94188" lon="-105.39829">
        <ele>2474.57</ele>
      </trkpt>
      <trkpt lat="38.94188" lon="-105.39848">
        <ele>2474.69</ele>
      </trkpt>
      <trkpt lat="38.94189" lon="-105.39854">
        <ele>2474.69</ele>
      </trkpt>
      <trkpt lat="38.9419" lon="-105.39872">
        <ele>2474.85</ele>
      </trkpt>
      <trkpt lat="38.94192" lon="-105.39896">
        <ele>2474.89</ele>
      </trkpt>
      <trkpt lat="38.94194" lon="-105.39911">
        <ele>2475.21</ele>
      </trkpt>
      <trkpt lat="38.94195" lon="-105.3992">
        <ele>2475.19</ele>
      </trkpt>
      <trkpt lat="38.942" lon="-105.39944">
        <ele>2475.29</ele>
      </trkpt>
      <trkpt lat="38.94207" lon="-105.39983">
        <ele>2476.33</ele>
      </trkpt>
      <trkpt lat="38.94211" lon="-105.40012">
        <ele>2479.08</ele>
      </trkpt>
      <trkpt lat="38.94213" lon="-105.40024">
        <ele>2480.52</ele>
      </trkpt>
      <trkpt lat="38.94214" lon="-105.40034">
        <ele>2480.5</ele>
      </trkpt>
      <trkpt lat="38.94215" lon="-105.40047">
        <ele>2480.38</ele>
      </trkpt>
      <trkpt lat="38.94216" lon="-105.40061">
        <ele>2480.4</ele>
      </trkpt>
      <trkpt lat="38.94217" lon="-105.40068">
        <ele>2480.4</ele>
      </trkpt>
      <trkpt lat="38.94217" lon="-105.40075">
        <ele>2480.45</ele>
      </trkpt>
      <trkpt lat="38.94218" lon="-105.40085">
        <ele>2480.51</ele>
      </trkpt>
      <trkpt lat="38.94218" lon="-105.40118">
        <ele>2481.03</ele>
      </trkpt>
      <trkpt lat="38.94219" lon="-105.40139">
        <ele>2483.42</ele>
      </trkpt>
      <trkpt lat="38.94219" lon="-105.40139">
        <ele>2483.42</ele>
      </trkpt>
      <trkpt lat="38.94219" lon="-105.40146">
        <ele>2483.26</ele>
      </trkpt>
      <trkpt lat="38.94219" lon="-105.40152">
        <ele>2483.26</ele>
      </trkpt>
      <trkpt lat="38.9422" lon="-105.40159">
        <ele>2482.98</ele>
      </trkpt>
      <trkpt lat="38.9422" lon="-105.40181">
        <ele>2482.44</ele>
      </trkpt>
      <trkpt lat="38.94221" lon="-105.40192">
        <ele>2482.52</ele>
      </trkpt>
      <trkpt lat="38.94221" lon="-105.40196">
        <ele>2482.52</ele>
      </trkpt>
      <trkpt lat="38.94221" lon="-105.40211">
        <ele>2483.0</ele>
      </trkpt>
      <trkpt lat="38.94222" lon="-105.40223">
        <ele>2483.28</ele>
      </trkpt>
      <trkpt lat="38.94222" lon="-105.4024">
        <ele>2483.7</ele>
      </trkpt>
      <trkpt lat="38.94221" lon="-105.40253">
        <ele>2483.84</ele>
      </trkpt>
      <trkpt lat="38.94221" lon="-105.40254">
        <ele>2483.84</ele>
      </trkpt>
      <trkpt lat="38.94221" lon="-105.40261">
        <ele>2483.74</ele>
      </trkpt>
      <trkpt lat="38.9422" lon="-105.40275">
        <ele>2483.4</ele>
      </trkpt>
      <trkpt lat="38.94217" lon="-105.40296">
        <ele>2482.32</ele>
      </trkpt>
      <trkpt lat="38.94214" lon="-105.40309">
        <ele>2483.5</ele>
      </trkpt>
      <trkpt lat="38.94211" lon="-105.40317">
        <ele>2482.62</ele>
      </trkpt>
      <trkpt lat="38.94207" lon="-105.40324">
        <ele>2483.44</ele>
      </trkpt>
      <trkpt lat="38.94202" lon="-105.40334">
        <ele>2483.42</ele>
      </trkpt>
      <trkpt lat="38.94196" lon="-105.40342">
        <ele>2483.5</ele>
      </trkpt>
      <trkpt lat="38.94189" lon="-105.4035">
        <ele>2483.68</ele>
      </trkpt>
      <trkpt lat="38.94185" lon="-105.40355">
        <ele>2483.92</ele>
      </trkpt>
      <trkpt lat="38.94184" lon="-105.40356">
        <ele>2483.92</ele>
      </trkpt>
      <trkpt lat="38.94177" lon="-105.40364">
        <ele>2484.28</ele>
      </trkpt>
      <trkpt lat="38.94165" lon="-105.40375">
        <ele>2483.53</ele>
      </trkpt>
      <trkpt lat="38.94151" lon="-105.40388">
        <ele>2483.95</ele>
      </trkpt>
      <trkpt lat="38.94147" lon="-105.40391">
        <ele>2483.95</ele>
      </trkpt>
      <trkpt lat="38.94129" lon="-105.40403">
        <ele>2481.09</ele>
      </trkpt>
      <trkpt lat="38.94114" lon="-105.40414">
        <ele>2480.45</ele>
      </trkpt>
      <trkpt lat="38.94109" lon="-105.40417">
        <ele>2479.21</ele>
      </trkpt>
      <trkpt lat="38.94104" lon="-105.4042">
        <ele>2478.65</ele>
      </trkpt>
      <trkpt lat="38.94099" lon="-105.40425">
        <ele>2478.83</ele>
      </trkpt>
      <trkpt lat="38.94092" lon="-105.4043">
        <ele>2478.67</ele>
      </trkpt>
      <trkpt lat="38.94083" lon="-105.40439">
        <ele>2479.53</ele>
      </trkpt>
      <trkpt lat="38.94077" lon="-105.40445">
        <ele>2480.79</ele>
      </trkpt>
      <trkpt lat="38.94073" lon="-105.4045">
        <ele>2480.17</ele>
      </trkpt>
      <trkpt lat="38.94066" lon="-105.4046">
        <ele>2480.87</ele>
      </trkpt>
      <trkpt lat="38.94055" lon="-105.40476">
        <ele>2482.18</ele>
      </trkpt>
      <trkpt lat="38.94046" lon="-105.40489">
        <ele>2482.73</ele>
      </trkpt>
      <trkpt lat="38.94043" lon="-105.40493">
        <ele>2483.41</ele>
      </trkpt>
      <trkpt lat="38.94039" lon="-105.405">
        <ele>2482.57</ele>
      </trkpt>
      <trkpt lat="38.94031" lon="-105.40512">
        <ele>2484.91</ele>
      </trkpt>
      <trkpt lat="38.94019" lon="-105.40528">
        <ele>2483.71</ele>
      </trkpt>
      <trkpt lat="38.9401" lon="-105.4054">
        <ele>2486.12</ele>
      </trkpt>
      <trkpt lat="38.93998" lon="-105.40558">
        <ele>2484.2</ele>
      </trkpt>
      <trkpt lat="38.93988" lon="-105.40574">
        <ele>2484.5</ele>
      </trkpt>
      <trkpt lat="38.93984" lon="-105.4058">
        <ele>2484.76</ele>
      </trkpt>
      <trkpt lat="38.93978" lon="-105.4059">
        <ele>2484.9</ele>
      </trkpt>
      <trkpt lat="38.93972" lon="-105.40598">
        <ele>2483.38</ele>
      </trkpt>
      <trkpt lat="38.93964" lon="-105.40606">
        <ele>2484.96</ele>
      </trkpt>
      <trkpt lat="38.93952" lon="-105.40617">
        <ele>2484.87</ele>
      </trkpt>
      <trkpt lat="38.93947" lon="-105.40621">
        <ele>2484.62</ele>
      </trkpt>
      <trkpt lat="38.93936" lon="-105.40627">
        <ele>2484.98</ele>
      </trkpt>
      <trkpt lat="38.93929" lon="-105.40631">
        <ele>2485.46</ele>
      </trkpt>
      <trkpt lat="38.93918" lon="-105.40633">
        <ele>2485.98</ele>
      </trkpt>
      <trkpt lat="38.93908" lon="-105.40635">
        <ele>2486.04</ele>
      </trkpt>
      <trkpt lat="38.93908" lon="-105.40635">
        <ele>2486.04</ele>
      </trkpt>
      <trkpt lat="38.93899" lon="-105.40635">
        <ele>2486.05</ele>
      </trkpt>
      <trkpt lat="38.93889" lon="-105.40635">
        <ele>2485.95</ele>
      </trkpt>
      <trkpt lat="38.93878" lon="-105.40634">
        <ele>2485.61</ele>
      </trkpt>
      <trkpt lat="38.93866" lon="-105.40631">
        <ele>2485.39</ele>
      </trkpt>
      <trkpt lat="38.93863" lon="-105.4063">
        <ele>2485.15</ele>
      </trkpt>
      <trkpt lat="38.93853" lon="-105.40627">
        <ele>2484.87</ele>
      </trkpt>
      <trkpt lat="38.93841" lon="-105.40621">
        <ele>2485.33</ele>
      </trkpt>
      <trkpt lat="38.93821" lon="-105.40609">
        <ele>2486.21</ele>
      </trkpt>
      <trkpt lat="38.93821" lon="-105.40609">
        <ele>2486.21</ele>
      </trkpt>
      <trkpt lat="38.93816" lon="-105.40607">
        <ele>2485.85</ele>
      </trkpt>
      <trkpt lat="38.93777" lon="-105.40588">
        <ele>2485.26</ele>
      </trkpt>
      <trkpt lat="38.93749" lon="-105.40574">
        <ele>2485.74</ele>
      </trkpt>
      <trkpt lat="38.93737" lon="-105.40568">
        <ele>2485.81</ele>
      </trkpt>
      <trkpt lat="38.93729" lon="-105.40564">
        <ele>2485.93</ele>
      </trkpt>
      <trkpt lat="38.9372" lon="-105.4056">
        <ele>2485.43</ele>
      </trkpt>
      <trkpt lat="38.93709" lon="-105.40556">
        <ele>2484.87</ele>
      </trkpt>
      <trkpt lat="38.9369" lon="-105.40556">
        <ele>2484.98</ele>
      </trkpt>
      <trkpt lat="38.93671" lon="-105.40561">
        <ele>2482.18</ele>
      </trkpt>
      <trkpt lat="38.93655" lon="-105.40565">
        <ele>2482.22</ele>
      </trkpt>
      <trkpt lat="38.9365" lon="-105.40567">
        <ele>2481.68</ele>
      </trkpt>
      <trkpt lat="38.93631" lon="-105.40576">
        <ele>2481.26</ele>
      </trkpt>
      <trkpt lat="38.93607" lon="-105.40587">
        <ele>2481.42</ele>
      </trkpt>
      <trkpt lat="38.93605" lon="-105.40588">
        <ele>2481.42</ele>
      </trkpt>
      <trkpt lat="38.9358" lon="-105.40599">
        <ele>2482.56</ele>
      </trkpt>
      <trkpt lat="38.93565" lon="-105.40606">
        <ele>2482.72</ele>
      </trkpt>
      <trkpt lat="38.93564" lon="-105.40606">
        <ele>2483.42</ele>
      </trkpt>
      <trkpt lat="38.9355" lon="-105.40613">
        <ele>2483.08</ele>
      </trkpt>
      <trkpt lat="38.93535" lon="-105.4062">
        <ele>2482.71</ele>
      </trkpt>
      <trkpt lat="38.93518" lon="-105.40628">
        <ele>2483.94</ele>
      </trkpt>
      <trkpt lat="38.93496" lon="-105.40642">
        <ele>2490.84</ele>
      </trkpt>
      <trkpt lat="38.93487" lon="-105.40646">
        <ele>2490.8</ele>
      </trkpt>
      <trkpt lat="38.93481" lon="-105.40649">
        <ele>2491.92</ele>
      </trkpt>
      <trkpt lat="38.9348" lon="-105.4065">
        <ele>2491.92</ele>
      </trkpt>
      <trkpt lat="38.93467" lon="-105.40659">
        <ele>2492.13</ele>
      </trkpt>
      <trkpt lat="38.93451" lon="-105.40671">
        <ele>2490.63</ele>
      </trkpt>
      <trkpt lat="38.93431" lon="-105.40686">
        <ele>2493.41</ele>
      </trkpt>
      <trkpt lat="38.93419" lon="-105.407">
        <ele>2493.46</ele>
      </trkpt>
      <trkpt lat="38.9341" lon="-105.40712">
        <ele>2495.5</ele>
      </trkpt>
      <trkpt lat="38.93408" lon="-105.40715">
        <ele>2493.86</ele>
      </trkpt>
      <trkpt lat="38.93404" lon="-105.40722">
        <ele>2494.3</ele>
      </trkpt>
      <trkpt lat="38.93401" lon="-105.40729">
        <ele>2494.3</ele>
      </trkpt>
      <trkpt lat="38.93398" lon="-105.40737">
        <ele>2493.1</ele>
      </trkpt>
      <trkpt lat="38.93397" lon="-105.4074">
        <ele>2494.06</ele>
      </trkpt>
      <trkpt lat="38.93388" lon="-105.40766">
        <ele>2493.05</ele>
      </trkpt>
      <trkpt lat="38.93385" lon="-105.40773">
        <ele>2491.75</ele>
      </trkpt>
      <trkpt lat="38.93378" lon="-105.40799">
        <ele>2491.71</ele>
      </trkpt>
      <trkpt lat="38.93376" lon="-105.40811">
        <ele>2494.01</ele>
      </trkpt>
      <trkpt lat="38.93375" lon="-105.40817">
        <ele>2493.19</ele>
      </trkpt>
      <trkpt lat="38.93374" lon="-105.40821">
        <ele>2493.19</ele>
      </trkpt>
      <trkpt lat="38.93374" lon="-105.40821">
        <ele>2493.19</ele>
      </trkpt>
      <trkpt lat="38.93373" lon="-105.40824">
        <ele>2492.35</ele>
      </trkpt>
      <trkpt lat="38.93371" lon="-105.40843">
        <ele>2490.83</ele>
      </trkpt>
      <trkpt lat="38.93365" lon="-105.40879">
        <ele>2490.51</ele>
      </trkpt>
      <trkpt lat="38.93365" lon="-105.40884">
        <ele>2490.51</ele>
      </trkpt>
      <trkpt lat="38.93362" lon="-105.40903">
        <ele>2491.85</ele>
      </trkpt>
      <trkpt lat="38.93362" lon="-105.40911">
        <ele>2491.53</ele>
      </trkpt>
      <trkpt lat="38.93361" lon="-105.40922">
        <ele>2491.17</ele>
      </trkpt>
      <trkpt lat="38.9336" lon="-105.4093">
        <ele>2490.81</ele>
      </trkpt>
      <trkpt lat="38.93359" lon="-105.40934">
        <ele>2490.81</ele>
      </trkpt>
      <trkpt lat="38.93359" lon="-105.40935">
        <ele>2490.81</ele>
      </trkpt>
      <trkpt lat="38.93359" lon="-105.40939">
        <ele>2490.51</ele>
      </trkpt>
      <trkpt lat="38.93358" lon="-105.40943">
        <ele>2490.51</ele>
      </trkpt>
      <trkpt lat="38.93358" lon="-105.40949">
        <ele>2490.21</ele>
      </trkpt>
      <trkpt lat="38.93357" lon="-105.40956">
        <ele>2492.13</ele>
      </trkpt>
      <trkpt lat="38.93357" lon="-105.40961">
        <ele>2492.13</ele>
      </trkpt>
      <trkpt lat="38.93356" lon="-105.40971">
        <ele>2491.51</ele>
      </trkpt>
      <trkpt lat="38.93356" lon="-105.40979">
        <ele>2491.23</ele>
      </trkpt>
      <trkpt lat="38.93355" lon="-105.40986">
        <ele>2491.23</ele>
      </trkpt>
      <trkpt lat="38.93355" lon="-105.4099">
        <ele>2490.93</ele>
      </trkpt>
      <trkpt lat="38.93354" lon="-105.40995">
        <ele>2490.93</ele>
      </trkpt>
      <trkpt lat="38.93354" lon="-105.41003">
        <ele>2490.59</ele>
      </trkpt>
      <trkpt lat="38.93353" lon="-105.41008">
        <ele>2490.27</ele>
      </trkpt>
      <trkpt lat="38.93348" lon="-105.41025">
        <ele>2491.49</ele>
      </trkpt>
      <trkpt lat="38.93342" lon="-105.4104">
        <ele>2492.26</ele>
      </trkpt>
      <trkpt lat="38.9334" lon="-105.41045">
        <ele>2492.26</ele>
      </trkpt>
      <trkpt lat="38.93337" lon="-105.41053">
        <ele>2493.4</ele>
      </trkpt>
      <trkpt lat="38.93329" lon="-105.41067">
        <ele>2493.3</ele>
      </trkpt>
      <trkpt lat="38.93314" lon="-105.41092">
        <ele>2494.15</ele>
      </trkpt>
      <trkpt lat="38.93311" lon="-105.41098">
        <ele>2494.15</ele>
      </trkpt>
      <trkpt lat="38.93295" lon="-105.41124">
        <ele>2496.05</ele>
      </trkpt>
      <trkpt lat="38.93287" lon="-105.41138">
        <ele>2495.99</ele>
      </trkpt>
      <trkpt lat="38.93279" lon="-105.41151">
        <ele>2495.99</ele>
      </trkpt>
      <trkpt lat="38.93271" lon="-105.41165">
        <ele>2496.61</ele>
      </trkpt>
      <trkpt lat="38.93262" lon="-105.4118">
        <ele>2497.6</ele>
      </trkpt>
      <trkpt lat="38.9325" lon="-105.41199">
        <ele>2498.66</ele>
      </trkpt>
      <trkpt lat="38.93238" lon="-105.41219">
        <ele>2498.38</ele>
      </trkpt>
      <trkpt lat="38.93235" lon="-105.41225">
        <ele>2499.06</ele>
      </trkpt>
      <trkpt lat="38.93232" lon="-105.4123">
        <ele>2498.7</ele>
      </trkpt>
      <trkpt lat="38.93231" lon="-105.41231">
        <ele>2498.7</ele>
      </trkpt>
      <trkpt lat="38.93224" lon="-105.41244">
        <ele>2498.98</ele>
      </trkpt>
      <trkpt lat="38.93212" lon="-105.41266">
        <ele>2500.02</ele>
      </trkpt>
      <trkpt lat="38.93195" lon="-105.41296">
        <ele>2502.24</ele>
      </trkpt>
      <trkpt lat="38.93186" lon="-105.41312">
        <ele>2501.83</ele>
      </trkpt>
      <trkpt lat="38.93179" lon="-105.41323">
        <ele>2501.35</ele>
      </trkpt>
      <trkpt lat="38.93179" lon="-105.41323">
        <ele>2501.35</ele>
      </trkpt>
      <trkpt lat="38.93171" lon="-105.41334">
        <ele>2501.73</ele>
      </trkpt>
      <trkpt lat="38.93163" lon="-105.41345">
        <ele>2503.81</ele>
      </trkpt>
      <trkpt lat="38.93155" lon="-105.41357">
        <ele>2504.45</ele>
      </trkpt>
      <trkpt lat="38.93148" lon="-105.41364">
        <ele>2509.29</ele>
      </trkpt>
      <trkpt lat="38.93143" lon="-105.41368">
        <ele>2510.75</ele>
      </trkpt>
      <trkpt lat="38.93134" lon="-105.41375">
        <ele>2507.99</ele>
      </trkpt>
      <trkpt lat="38.93119" lon="-105.41382">
        <ele>2505.29</ele>
      </trkpt>
      <trkpt lat="38.93107" lon="-105.41387">
        <ele>2505.87</ele>
      </trkpt>
      <trkpt lat="38.93107" lon="-105.41387">
        <ele>2505.87</ele>
      </trkpt>
      <trkpt lat="38.93097" lon="-105.41391">
        <ele>2504.85</ele>
      </trkpt>
      <trkpt lat="38.93086" lon="-105.41394">
        <ele>2505.43</ele>
      </trkpt>
      <trkpt lat="38.93072" lon="-105.41397">
        <ele>2506.25</ele>
      </trkpt>
      <trkpt lat="38.93061" lon="-105.414">
        <ele>2504.97</ele>
      </trkpt>
      <trkpt lat="38.93033" lon="-105.41405">
        <ele>2505.49</ele>
      </trkpt>
      <trkpt lat="38.93024" lon="-105.41408">
        <ele>2504.39</ele>
      </trkpt>
      <trkpt lat="38.93018" lon="-105.4141">
        <ele>2504.99</ele>
      </trkpt>
      <trkpt lat="38.93017" lon="-105.4141">
        <ele>2505.73</ele>
      </trkpt>
      <trkpt lat="38.9301" lon="-105.41414">
        <ele>2506.45</ele>
      </trkpt>
      <trkpt lat="38.93003" lon="-105.41418">
        <ele>2506.01</ele>
      </trkpt>
      <trkpt lat="38.92997" lon="-105.41422">
        <ele>2506.01</ele>
      </trkpt>
      <trkpt lat="38.92984" lon="-105.41437">
        <ele>2505.57</ele>
      </trkpt>
      <trkpt lat="38.92973" lon="-105.41454">
        <ele>2505.95</ele>
      </trkpt>
      <trkpt lat="38.92967" lon="-105.41466">
        <ele>2506.43</ele>
      </trkpt>
      <trkpt lat="38.92963" lon="-105.41475">
        <ele>2506.93</ele>
      </trkpt>
      <trkpt lat="38.92958" lon="-105.41485">
        <ele>2504.91</ele>
      </trkpt>
      <trkpt lat="38.92956" lon="-105.41489">
        <ele>2506.39</ele>
      </trkpt>
      <trkpt lat="38.92953" lon="-105.41498">
        <ele>2505.51</ele>
      </trkpt>
      <trkpt lat="38.92949" lon="-105.41508">
        <ele>2506.17</ele>
      </trkpt>
      <trkpt lat="38.92945" lon="-105.41518">
        <ele>2505.42</ele>
      </trkpt>
      <trkpt lat="38.92937" lon="-105.41541">
        <ele>2504.92</ele>
      </trkpt>
      <trkpt lat="38.92937" lon="-105.41542">
        <ele>2504.92</ele>
      </trkpt>
      <trkpt lat="38.92929" lon="-105.41573">
        <ele>2505.74</ele>
      </trkpt>
      <trkpt lat="38.92925" lon="-105.41594">
        <ele>2505.02</ele>
      </trkpt>
      <trkpt lat="38.92925" lon="-105.41596">
        <ele>2505.02</ele>
      </trkpt>
      <trkpt lat="38.92923" lon="-105.41605">
        <ele>2505.68</ele>
      </trkpt>
      <trkpt lat="38.92921" lon="-105.41615">
        <ele>2505.32</ele>
      </trkpt>
      <trkpt lat="38.92919" lon="-105.41626">
        <ele>2505.1</ele>
      </trkpt>
      <trkpt lat="38.92916" lon="-105.41649">
        <ele>2505.93</ele>
      </trkpt>
      <trkpt lat="38.92914" lon="-105.41658">
        <ele>2505.63</ele>
      </trkpt>
      <trkpt lat="38.92914" lon="-105.41663">
        <ele>2505.63</ele>
      </trkpt>
      <trkpt lat="38.9291" lon="-105.41683">
        <ele>2506.33</ele>
      </trkpt>
      <trkpt lat="38.9291" lon="-105.41689">
        <ele>2506.33</ele>
      </trkpt>
      <trkpt lat="38.92909" lon="-105.417">
        <ele>2506.27</ele>
      </trkpt>
      <trkpt lat="38.92908" lon="-105.41709">
        <ele>2506.41</ele>
      </trkpt>
      <trkpt lat="38.92908" lon="-105.4171">
        <ele>2506.41</ele>
      </trkpt>
      <trkpt lat="38.92908" lon="-105.41721">
        <ele>2506.61</ele>
      </trkpt>
      <trkpt lat="38.92909" lon="-105.41734">
        <ele>2507.11</ele>
      </trkpt>
      <trkpt lat="38.9291" lon="-105.41749">
        <ele>2507.41</ele>
      </trkpt>
      <trkpt lat="38.92915" lon="-105.41777">
        <ele>2507.21</ele>
      </trkpt>
      <trkpt lat="38.92918" lon="-105.41797">
        <ele>2506.5</ele>
      </trkpt>
      <trkpt lat="38.92919" lon="-105.41808">
        <ele>2506.82</ele>
      </trkpt>
      <trkpt lat="38.92919" lon="-105.41818">
        <ele>2507.08</ele>
      </trkpt>
      <trkpt lat="38.92919" lon="-105.41823">
        <ele>2507.3</ele>
      </trkpt>
      <trkpt lat="38.92919" lon="-105.41824">
        <ele>2507.3</ele>
      </trkpt>
      <trkpt lat="38.92919" lon="-105.41827">
        <ele>2507.3</ele>
      </trkpt>
      <trkpt lat="38.92919" lon="-105.41837">
        <ele>2507.56</ele>
      </trkpt>
      <trkpt lat="38.92917" lon="-105.41854">
        <ele>2507.57</ele>
      </trkpt>
      <trkpt lat="38.92915" lon="-105.41877">
        <ele>2508.55</ele>
      </trkpt>
      <trkpt lat="38.92914" lon="-105.41881">
        <ele>2508.31</ele>
      </trkpt>
      <trkpt lat="38.92913" lon="-105.41889">
        <ele>2508.05</ele>
      </trkpt>
      <trkpt lat="38.92911" lon="-105.41896">
        <ele>2508.05</ele>
      </trkpt>
      <trkpt lat="38.92905" lon="-105.41914">
        <ele>2508.05</ele>
      </trkpt>
      <trkpt lat="38.92899" lon="-105.41928">
        <ele>2508.58</ele>
      </trkpt>
      <trkpt lat="38.92897" lon="-105.41934">
        <ele>2508.14</ele>
      </trkpt>
      <trkpt lat="38.92894" lon="-105.41941">
        <ele>2508.48</ele>
      </trkpt>
      <trkpt lat="38.92887" lon="-105.41955">
        <ele>2508.8</ele>
      </trkpt>
      <trkpt lat="38.92877" lon="-105.41976">
        <ele>2508.28</ele>
      </trkpt>
      <trkpt lat="38.92859" lon="-105.42013">
        <ele>2509.13</ele>
      </trkpt>
      <trkpt lat="38.92853" lon="-105.42028">
        <ele>2509.23</ele>
      </trkpt>
      <trkpt lat="38.92851" lon="-105.42032">
        <ele>2509.23</ele>
      </trkpt>
      <trkpt lat="38.92848" lon="-105.42037">
        <ele>2509.77</ele>
      </trkpt>
      <trkpt lat="38.92845" lon="-105.42046">
        <ele>2509.39</ele>
      </trkpt>
      <trkpt lat="38.92838" lon="-105.42064">
        <ele>2509.54</ele>
      </trkpt>
      <trkpt lat="38.92829" lon="-105.4209">
        <ele>2510.68</ele>
      </trkpt>
      <trkpt lat="38.92826" lon="-105.42111">
        <ele>2510.06</ele>
      </trkpt>
      <trkpt lat="38.92823" lon="-105.42131">
        <ele>2510.25</ele>
      </trkpt>
      <trkpt lat="38.92822" lon="-105.42141">
        <ele>2510.11</ele>
      </trkpt>
      <trkpt lat="38.9282" lon="-105.4216">
        <ele>2509.85</ele>
      </trkpt>
      <trkpt lat="38.92816" lon="-105.4219">
        <ele>2510.37</ele>
      </trkpt>
      <trkpt lat="38.92815" lon="-105.42198">
        <ele>2510.33</ele>
      </trkpt>
      <trkpt lat="38.92811" lon="-105.42234">
        <ele>2510.15</ele>
      </trkpt>
      <trkpt lat="38.92809" lon="-105.42246">
        <ele>2510.75</ele>
      </trkpt>
      <trkpt lat="38.92807" lon="-105.42254">
        <ele>2510.67</ele>
      </trkpt>
      <trkpt lat="38.92807" lon="-105.42255">
        <ele>2510.67</ele>
      </trkpt>
      <trkpt lat="38.92806" lon="-105.42258">
        <ele>2510.57</ele>
      </trkpt>
      <trkpt lat="38.92805" lon="-105.42265">
        <ele>2510.57</ele>
      </trkpt>
      <trkpt lat="38.92801" lon="-105.42276">
        <ele>2510.89</ele>
      </trkpt>
      <trkpt lat="38.92798" lon="-105.42285">
        <ele>2510.63</ele>
      </trkpt>
      <trkpt lat="38.92791" lon="-105.423">
        <ele>2510.84</ele>
      </trkpt>
      <trkpt lat="38.92784" lon="-105.42311">
        <ele>2510.63</ele>
      </trkpt>
      <trkpt lat="38.9277" lon="-105.42327">
        <ele>2510.91</ele>
      </trkpt>
      <trkpt lat="38.92761" lon="-105.42339">
        <ele>2511.49</ele>
      </trkpt>
      <trkpt lat="38.92756" lon="-105.42346">
        <ele>2511.47</ele>
      </trkpt>
      <trkpt lat="38.92754" lon="-105.42348">
        <ele>2511.47</ele>
      </trkpt>
      <trkpt lat="38.92748" lon="-105.42354">
        <ele>2511.35</ele>
      </trkpt>
      <trkpt lat="38.92735" lon="-105.42369">
        <ele>2510.89</ele>
      </trkpt>
      <trkpt lat="38.92716" lon="-105.42391">
        <ele>2510.95</ele>
      </trkpt>
      <trkpt lat="38.92705" lon="-105.42403">
        <ele>2510.93</ele>
      </trkpt>
      <trkpt lat="38.92703" lon="-105.42406">
        <ele>2510.94</ele>
      </trkpt>
      <trkpt lat="38.92694" lon="-105.42415">
        <ele>2510.96</ele>
      </trkpt>
      <trkpt lat="38.92688" lon="-105.42422">
        <ele>2511.02</ele>
      </trkpt>
      <trkpt lat="38.92687" lon="-105.42423">
        <ele>2511.02</ele>
      </trkpt>
      <trkpt lat="38.9268" lon="-105.42431">
        <ele>2511.06</ele>
      </trkpt>
      <trkpt lat="38.92671" lon="-105.42443">
        <ele>2511.09</ele>
      </trkpt>
      <trkpt lat="38.92661" lon="-105.42457">
        <ele>2511.21</ele>
      </trkpt>
      <trkpt lat="38.92657" lon="-105.42464">
        <ele>2511.15</ele>
      </trkpt>
      <trkpt lat="38.9265" lon="-105.42477">
        <ele>2511.21</ele>
      </trkpt>
      <trkpt lat="38.92645" lon="-105.42486">
        <ele>2511.29</ele>
      </trkpt>
      <trkpt lat="38.92638" lon="-105.42499">
        <ele>2511.29</ele>
      </trkpt>
      <trkpt lat="38.92632" lon="-105.42509">
        <ele>2511.35</ele>
      </trkpt>
      <trkpt lat="38.92631" lon="-105.42511">
        <ele>2511.35</ele>
      </trkpt>
      <trkpt lat="38.92625" lon="-105.42524">
        <ele>2511.39</ele>
      </trkpt>
      <trkpt lat="38.92615" lon="-105.42546">
        <ele>2511.62</ele>
      </trkpt>
      <trkpt lat="38.926" lon="-105.42578">
        <ele>2513.22</ele>
      </trkpt>
      <trkpt lat="38.92589" lon="-105.42603">
        <ele>2514.9</ele>
      </trkpt>
      <trkpt lat="38.92586" lon="-105.42611">
        <ele>2516.12</ele>
      </trkpt>
      <trkpt lat="38.9258" lon="-105.42624">
        <ele>2516.24</ele>
      </trkpt>
      <trkpt lat="38.92575" lon="-105.42635">
        <ele>2517.6</ele>
      </trkpt>
      <trkpt lat="38.9257" lon="-105.42645">
        <ele>2518.84</ele>
      </trkpt>
      <trkpt lat="38.92562" lon="-105.42661">
        <ele>2518.35</ele>
      </trkpt>
      <trkpt lat="38.92555" lon="-105.42674">
        <ele>2517.93</ele>
      </trkpt>
      <trkpt lat="38.9255" lon="-105.42686">
        <ele>2518.98</ele>
      </trkpt>
      <trkpt lat="38.92548" lon="-105.42692">
        <ele>2518.6</ele>
      </trkpt>
      <trkpt lat="38.92545" lon="-105.42702">
        <ele>2519.5</ele>
      </trkpt>
      <trkpt lat="38.92542" lon="-105.42711">
        <ele>2518.88</ele>
      </trkpt>
      <trkpt lat="38.92542" lon="-105.42712">
        <ele>2518.88</ele>
      </trkpt>
      <trkpt lat="38.92541" lon="-105.4272">
        <ele>2519.54</ele>
      </trkpt>
      <trkpt lat="38.92539" lon="-105.42733">
        <ele>2520.66</ele>
      </trkpt>
      <trkpt lat="38.92537" lon="-105.42753">
        <ele>2521.45</ele>
      </trkpt>
      <trkpt lat="38.92537" lon="-105.42763">
        <ele>2521.57</ele>
      </trkpt>
      <trkpt lat="38.92536" lon="-105.42769">
        <ele>2520.03</ele>
      </trkpt>
      <trkpt lat="38.92536" lon="-105.42773">
        <ele>2519.93</ele>
      </trkpt>
      <trkpt lat="38.92537" lon="-105.42779">
        <ele>2521.35</ele>
      </trkpt>
      <trkpt lat="38.92539" lon="-105.428">
        <ele>2520.53</ele>
      </trkpt>
      <trkpt lat="38.9254" lon="-105.42818">
        <ele>2519.83</ele>
      </trkpt>
      <trkpt lat="38.92541" lon="-105.42826">
        <ele>2519.41</ele>
      </trkpt>
      <trkpt lat="38.92542" lon="-105.42833">
        <ele>2519.19</ele>
      </trkpt>
      <trkpt lat="38.92543" lon="-105.42839">
        <ele>2520.39</ele>
      </trkpt>
      <trkpt lat="38.92543" lon="-105.42844">
        <ele>2520.49</ele>
      </trkpt>
      <trkpt lat="38.92544" lon="-105.42849">
        <ele>2520.49</ele>
      </trkpt>
      <trkpt lat="38.92544" lon="-105.42878">
        <ele>2521.57</ele>
      </trkpt>
      <trkpt lat="38.92543" lon="-105.42884">
        <ele>2521.83</ele>
      </trkpt>
      <trkpt lat="38.92543" lon="-105.42907">
        <ele>2522.19</ele>
      </trkpt>
      <trkpt lat="38.92542" lon="-105.42913">
        <ele>2520.97</ele>
      </trkpt>
      <trkpt lat="38.92543" lon="-105.42917">
        <ele>2522.29</ele>
      </trkpt>
      <trkpt lat="38.92543" lon="-105.42928">
        <ele>2522.45</ele>
      </trkpt>
      <trkpt lat="38.92544" lon="-105.42935">
        <ele>2522.45</ele>
      </trkpt>
      <trkpt lat="38.92544" lon="-105.4294">
        <ele>2522.51</ele>
      </trkpt>
      <trkpt lat="38.92544" lon="-105.42943">
        <ele>2522.51</ele>
      </trkpt>
      <trkpt lat="38.92545" lon="-105.42949">
        <ele>2522.67</ele>
      </trkpt>
      <trkpt lat="38.92546" lon="-105.42957">
        <ele>2522.98</ele>
      </trkpt>
      <trkpt lat="38.92547" lon="-105.42968">
        <ele>2523.42</ele>
      </trkpt>
      <trkpt lat="38.92547" lon="-105.42978">
        <ele>2523.92</ele>
      </trkpt>
      <trkpt lat="38.92546" lon="-105.42989">
        <ele>2525.14</ele>
      </trkpt>
      <trkpt lat="38.92545" lon="-105.42997">
        <ele>2525.88</ele>
      </trkpt>
      <trkpt lat="38.92543" lon="-105.43006">
        <ele>2526.76</ele>
      </trkpt>
      <trkpt lat="38.9254" lon="-105.43014">
        <ele>2526.0</ele>
      </trkpt>
      <trkpt lat="38.92538" lon="-105.4302">
        <ele>2526.0</ele>
      </trkpt>
      <trkpt lat="38.92532" lon="-105.43036">
        <ele>2527.18</ele>
      </trkpt>
      <trkpt lat="38.92529" lon="-105.43046">
        <ele>2527.16</ele>
      </trkpt>
      <trkpt lat="38.92527" lon="-105.4305">
        <ele>2529.06</ele>
      </trkpt>
      <trkpt lat="38.92526" lon="-105.43054">
        <ele>2529.06</ele>
      </trkpt>
      <trkpt lat="38.92522" lon="-105.43061">
        <ele>2529.46</ele>
      </trkpt>
      <trkpt lat="38.92517" lon="-105.43069">
        <ele>2531.5</ele>
      </trkpt>
      <trkpt lat="38.9251" lon="-105.43078">
        <ele>2531.93</ele>
      </trkpt>
      <trkpt lat="38.92503" lon="-105.43083">
        <ele>2532.29</ele>
      </trkpt>
      <trkpt lat="38.92497" lon="-105.43086">
        <ele>2530.63</ele>
      </trkpt>
      <trkpt lat="38.92494" lon="-105.43087">
        <ele>2529.03</ele>
      </trkpt>
      <trkpt lat="38.92487" lon="-105.43088">
        <ele>2527.49</ele>
      </trkpt>
      <trkpt lat="38.92476" lon="-105.4309">
        <ele>2525.91</ele>
      </trkpt>
      <trkpt lat="38.92461" lon="-105.43089">
        <ele>2523.15</ele>
      </trkpt>
      <trkpt lat="38.9245" lon="-105.43089">
        <ele>2522.49</ele>
      </trkpt>
      <trkpt lat="38.92449" lon="-105.43089">
        <ele>2521.91</ele>
      </trkpt>
      <trkpt lat="38.9244" lon="-105.43087">
        <ele>2521.57</ele>
      </trkpt>
      <trkpt lat="38.92433" lon="-105.43085">
        <ele>2521.65</ele>
      </trkpt>
      <trkpt lat="38.92426" lon="-105.43082">
        <ele>2522.05</ele>
      </trkpt>
      <trkpt lat="38.92421" lon="-105.43078">
        <ele>2521.85</ele>
      </trkpt>
      <trkpt lat="38.92417" lon="-105.43076">
        <ele>2521.85</ele>
      </trkpt>
      <trkpt lat="38.92401" lon="-105.43061">
        <ele>2522.73</ele>
      </trkpt>
      <trkpt lat="38.92394" lon="-105.43054">
        <ele>2522.29</ele>
      </trkpt>
      <trkpt lat="38.9238" lon="-105.43047">
        <ele>2523.83</ele>
      </trkpt>
      <trkpt lat="38.92369" lon="-105.43042">
        <ele>2523.23</ele>
      </trkpt>
      <trkpt lat="38.92369" lon="-105.43042">
        <ele>2523.23</ele>
      </trkpt>
      <trkpt lat="38.92347" lon="-105.43034">
        <ele>2522.55</ele>
      </trkpt>
      <trkpt lat="38.92324" lon="-105.43026">
        <ele>2521.09</ele>
      </trkpt>
      <trkpt lat="38.92299" lon="-105.43018">
        <ele>2520.15</ele>
      </trkpt>
      <trkpt lat="38.92291" lon="-105.43014">
        <ele>2520.47</ele>
      </trkpt>
      <trkpt lat="38.92282" lon="-105.43011">
        <ele>2520.43</ele>
      </trkpt>
      <trkpt lat="38.92268" lon="-105.43005">
        <ele>2521.55</ele>
      </trkpt>
      <trkpt lat="38.92248" lon="-105.42996">
        <ele>2522.84</ele>
      </trkpt>
      <trkpt lat="38.92239" lon="-105.42992">
        <ele>2522.56</ele>
      </trkpt>
      <trkpt lat="38.9222" lon="-105.42984">
        <ele>2527.62</ele>
      </trkpt>
      <trkpt lat="38.92206" lon="-105.42977">
        <ele>2530.08</ele>
      </trkpt>
      <trkpt lat="38.92197" lon="-105.42973">
        <ele>2531.0</ele>
      </trkpt>
      <trkpt lat="38.92196" lon="-105.42973">
        <ele>2531.0</ele>
      </trkpt>
      <trkpt lat="38.92189" lon="-105.42971">
        <ele>2532.13</ele>
      </trkpt>
      <trkpt lat="38.92179" lon="-105.4297">
        <ele>2532.45</ele>
      </trkpt>
      <trkpt lat="38.92165" lon="-105.4297">
        <ele>2532.83</ele>
      </trkpt>
      <trkpt lat="38.92151" lon="-105.42972">
        <ele>2533.05</ele>
      </trkpt>
      <trkpt lat="38.92139" lon="-105.42976">
        <ele>2532.66</ele>
      </trkpt>
      <trkpt lat="38.92131" lon="-105.4298">
        <ele>2533.58</ele>
      </trkpt>
      <trkpt lat="38.92121" lon="-105.42988">
        <ele>2531.96</ele>
      </trkpt>
      <trkpt lat="38.92113" lon="-105.42994">
        <ele>2529.88</ele>
      </trkpt>
      <trkpt lat="38.92112" lon="-105.42996">
        <ele>2529.96</ele>
      </trkpt>
      <trkpt lat="38.92105" lon="-105.43002">
        <ele>2527.38</ele>
      </trkpt>
      <trkpt lat="38.92101" lon="-105.43008">
        <ele>2524.96</ele>
      </trkpt>
      <trkpt lat="38.92096" lon="-105.43016">
        <ele>2524.72</ele>
      </trkpt>
      <trkpt lat="38.92089" lon="-105.4303">
        <ele>2525.06</ele>
      </trkpt>
      <trkpt lat="38.9208" lon="-105.43058">
        <ele>2527.79</ele>
      </trkpt>
      <trkpt lat="38.92073" lon="-105.43084">
        <ele>2527.75</ele>
      </trkpt>
      <trkpt lat="38.9207" lon="-105.43096">
        <ele>2527.11</ele>
      </trkpt>
      <trkpt lat="38.92064" lon="-105.43123">
        <ele>2526.97</ele>
      </trkpt>
      <trkpt lat="38.92056" lon="-105.43151">
        <ele>2526.85</ele>
      </trkpt>
      <trkpt lat="38.92055" lon="-105.43154">
        <ele>2528.69</ele>
      </trkpt>
      <trkpt lat="38.92047" lon="-105.43184">
        <ele>2528.94</ele>
      </trkpt>
      <trkpt lat="38.92041" lon="-105.43204">
        <ele>2528.72</ele>
      </trkpt>
      <trkpt lat="38.92041" lon="-105.43205">
        <ele>2528.72</ele>
      </trkpt>
      <trkpt lat="38.92036" lon="-105.43224">
        <ele>2527.2</ele>
      </trkpt>
      <trkpt lat="38.92031" lon="-105.43245">
        <ele>2526.82</ele>
      </trkpt>
      <trkpt lat="38.92024" lon="-105.43269">
        <ele>2527.14</ele>
      </trkpt>
      <trkpt lat="38.92017" lon="-105.43292">
        <ele>2526.7</ele>
      </trkpt>
      <trkpt lat="38.92014" lon="-105.43298">
        <ele>2527.79</ele>
      </trkpt>
      <trkpt lat="38.92009" lon="-105.43308">
        <ele>2527.11</ele>
      </trkpt>
      <trkpt lat="38.92007" lon="-105.43311">
        <ele>2528.85</ele>
      </trkpt>
      <trkpt lat="38.92006" lon="-105.43315">
        <ele>2528.17</ele>
      </trkpt>
      <trkpt lat="38.92003" lon="-105.43321">
        <ele>2528.17</ele>
      </trkpt>
      <trkpt lat="38.91993" lon="-105.43342">
        <ele>2529.83</ele>
      </trkpt>
      <trkpt lat="38.91976" lon="-105.43377">
        <ele>2529.81</ele>
      </trkpt>
      <trkpt lat="38.91968" lon="-105.43395">
        <ele>2530.59</ele>
      </trkpt>
      <trkpt lat="38.91965" lon="-105.43403">
        <ele>2529.43</ele>
      </trkpt>
      <trkpt lat="38.91964" lon="-105.43409">
        <ele>2528.47</ele>
      </trkpt>
      <trkpt lat="38.91963" lon="-105.43411">
        <ele>2528.47</ele>
      </trkpt>
      <trkpt lat="38.91962" lon="-105.43415">
        <ele>2528.47</ele>
      </trkpt>
      <trkpt lat="38.91961" lon="-105.4342">
        <ele>2529.69</ele>
      </trkpt>
      <trkpt lat="38.9196" lon="-105.4343">
        <ele>2529.27</ele>
      </trkpt>
      <trkpt lat="38.91958" lon="-105.43445">
        <ele>2528.81</ele>
      </trkpt>
      <trkpt lat="38.91958" lon="-105.43457">
        <ele>2528.55</ele>
      </trkpt>
      <trkpt lat="38.91958" lon="-105.43463">
        <ele>2528.17</ele>
      </trkpt>
      <trkpt lat="38.91958" lon="-105.43468">
        <ele>2527.67</ele>
      </trkpt>
      <trkpt lat="38.91957" lon="-105.43494">
        <ele>2526.13</ele>
      </trkpt>
      <trkpt lat="38.91956" lon="-105.43519">
        <ele>2525.55</ele>
      </trkpt>
      <trkpt lat="38.91956" lon="-105.43526">
        <ele>2525.35</ele>
      </trkpt>
      <trkpt lat="38.91955" lon="-105.43538">
        <ele>2526.35</ele>
      </trkpt>
      <trkpt lat="38.91953" lon="-105.43547">
        <ele>2525.93</ele>
      </trkpt>
      <trkpt lat="38.91951" lon="-105.43556">
        <ele>2525.59</ele>
      </trkpt>
      <trkpt lat="38.91951" lon="-105.43562">
        <ele>2525.27</ele>
      </trkpt>
      <trkpt lat="38.9195" lon="-105.43568">
        <ele>2525.27</ele>
      </trkpt>
      <trkpt lat="38.91947" lon="-105.43578">
        <ele>2526.26</ele>
      </trkpt>
      <trkpt lat="38.91944" lon="-105.43586">
        <ele>2525.64</ele>
      </trkpt>
      <trkpt lat="38.91942" lon="-105.4359">
        <ele>2525.08</ele>
      </trkpt>
      <trkpt lat="38.91935" lon="-105.43605">
        <ele>2526.4</ele>
      </trkpt>
      <trkpt lat="38.91929" lon="-105.43615">
        <ele>2525.52</ele>
      </trkpt>
      <trkpt lat="38.9192" lon="-105.43629">
        <ele>2527.62</ele>
      </trkpt>
      <trkpt lat="38.91919" lon="-105.43631">
        <ele>2526.42</ele>
      </trkpt>
      <trkpt lat="38.91915" lon="-105.43638">
        <ele>2528.3</ele>
      </trkpt>
      <trkpt lat="38.91889" lon="-105.43681">
        <ele>2528.63</ele>
      </trkpt>
      <trkpt lat="38.9187" lon="-105.43712">
        <ele>2531.09</ele>
      </trkpt>
      <trkpt lat="38.91865" lon="-105.4372">
        <ele>2532.89</ele>
      </trkpt>
      <trkpt lat="38.91858" lon="-105.4373">
        <ele>2535.75</ele>
      </trkpt>
      <trkpt lat="38.91847" lon="-105.43749">
        <ele>2538.63</ele>
      </trkpt>
      <trkpt lat="38.91838" lon="-105.43766">
        <ele>2536.59</ele>
      </trkpt>
      <trkpt lat="38.91831" lon="-105.43779">
        <ele>2536.28</ele>
      </trkpt>
      <trkpt lat="38.91821" lon="-105.43798">
        <ele>2536.27</ele>
      </trkpt>
      <trkpt lat="38.91815" lon="-105.43812">
        <ele>2536.29</ele>
      </trkpt>
      <trkpt lat="38.91814" lon="-105.43815">
        <ele>2536.29</ele>
      </trkpt>
      <trkpt lat="38.9181" lon="-105.43826">
        <ele>2536.27</ele>
      </trkpt>
      <trkpt lat="38.91808" lon="-105.43836">
        <ele>2536.27</ele>
      </trkpt>
      <trkpt lat="38.91806" lon="-105.43847">
        <ele>2536.28</ele>
      </trkpt>
      <trkpt lat="38.91805" lon="-105.4386">
        <ele>2536.28</ele>
      </trkpt>
      <trkpt lat="38.91805" lon="-105.43882">
        <ele>2536.28</ele>
      </trkpt>
      <trkpt lat="38.91808" lon="-105.43909">
        <ele>2536.36</ele>
      </trkpt>
      <trkpt lat="38.91811" lon="-105.43921">
        <ele>2536.29</ele>
      </trkpt>
      <trkpt lat="38.91812" lon="-105.43927">
        <ele>2536.33</ele>
      </trkpt>
      <trkpt lat="38.91813" lon="-105.4393">
        <ele>2536.33</ele>
      </trkpt>
      <trkpt lat="38.91814" lon="-105.43938">
        <ele>2536.49</ele>
      </trkpt>
      <trkpt lat="38.91815" lon="-105.43945">
        <ele>2537.03</ele>
      </trkpt>
      <trkpt lat="38.91816" lon="-105.43951">
        <ele>2537.33</ele>
      </trkpt>
      <trkpt lat="38.91816" lon="-105.43963">
        <ele>2537.89</ele>
      </trkpt>
      <trkpt lat="38.91816" lon="-105.43975">
        <ele>2538.19</ele>
      </trkpt>
      <trkpt lat="38.91813" lon="-105.43989">
        <ele>2539.95</ele>
      </trkpt>
      <trkpt lat="38.91807" lon="-105.44011">
        <ele>2541.17</ele>
      </trkpt>
      <trkpt lat="38.91801" lon="-105.44026">
        <ele>2542.21</ele>
      </trkpt>
      <trkpt lat="38.91796" lon="-105.44037">
        <ele>2541.75</ele>
      </trkpt>
      <trkpt lat="38.91796" lon="-105.44037">
        <ele>2541.75</ele>
      </trkpt>
      <trkpt lat="38.9179" lon="-105.4405">
        <ele>2542.83</ele>
      </trkpt>
      <trkpt lat="38.91785" lon="-105.44061">
        <ele>2542.87</ele>
      </trkpt>
      <trkpt lat="38.91779" lon="-105.44075">
        <ele>2543.57</ele>
      </trkpt>
      <trkpt lat="38.91777" lon="-105.44082">
        <ele>2542.69</ele>
      </trkpt>
      <trkpt lat="38.91775" lon="-105.44088">
        <ele>2543.57</ele>
      </trkpt>
      <trkpt lat="38.91772" lon="-105.441">
        <ele>2542.59</ele>
      </trkpt>
      <trkpt lat="38.91772" lon="-105.44106">
        <ele>2541.49</ele>
      </trkpt>
      <trkpt lat="38.91769" lon="-105.44124">
        <ele>2539.6</ele>
      </trkpt>
      <trkpt lat="38.91766" lon="-105.44137">
        <ele>2541.12</ele>
      </trkpt>
      <trkpt lat="38.91765" lon="-105.44144">
        <ele>2540.68</ele>
      </trkpt>
      <trkpt lat="38.91765" lon="-105.44144">
        <ele>2540.68</ele>
      </trkpt>
      <trkpt lat="38.91765" lon="-105.44147">
        <ele>2540.3</ele>
      </trkpt>
      <trkpt lat="38.91764" lon="-105.44154">
        <ele>2540.3</ele>
      </trkpt>
      <trkpt lat="38.91763" lon="-105.44161">
        <ele>2540.0</ele>
      </trkpt>
      <trkpt lat="38.91762" lon="-105.44168">
        <ele>2539.74</ele>
      </trkpt>
      <trkpt lat="38.91757" lon="-105.44207">
        <ele>2540.22</ele>
      </trkpt>
      <trkpt lat="38.91752" lon="-105.4424">
        <ele>2539.82</ele>
      </trkpt>
      <trkpt lat="38.91749" lon="-105.44257">
        <ele>2539.04</ele>
      </trkpt>
      <trkpt lat="38.91747" lon="-105.44271">
        <ele>2539.7</ele>
      </trkpt>
      <trkpt lat="38.91744" lon="-105.44285">
        <ele>2538.56</ele>
      </trkpt>
      <trkpt lat="38.91741" lon="-105.44304">
        <ele>2540.02</ele>
      </trkpt>
      <trkpt lat="38.91738" lon="-105.44317">
        <ele>2539.68</ele>
      </trkpt>
      <trkpt lat="38.91735" lon="-105.44331">
        <ele>2539.06</ele>
      </trkpt>
      <trkpt lat="38.91731" lon="-105.4434">
        <ele>2540.98</ele>
      </trkpt>
      <trkpt lat="38.91729" lon="-105.44346">
        <ele>2540.72</ele>
      </trkpt>
      <trkpt lat="38.91724" lon="-105.4436">
        <ele>2542.46</ele>
      </trkpt>
      <trkpt lat="38.91722" lon="-105.44367">
        <ele>2542.18</ele>
      </trkpt>
      <trkpt lat="38.91722" lon="-105.44367">
        <ele>2542.18</ele>
      </trkpt>
      <trkpt lat="38.91721" lon="-105.44369">
        <ele>2543.18</ele>
      </trkpt>
      <trkpt lat="38.91716" lon="-105.4438">
        <ele>2542.64</ele>
      </trkpt>
      <trkpt lat="38.91706" lon="-105.44404">
        <ele>2545.98</ele>
      </trkpt>
      <trkpt lat="38.91701" lon="-105.44418">
        <ele>2549.08</ele>
      </trkpt>
      <trkpt lat="38.91694" lon="-105.44439">
        <ele>2553.6</ele>
      </trkpt>
      <trkpt lat="38.91685" lon="-105.44465">
        <ele>2554.21</ele>
      </trkpt>
      <trkpt lat="38.91684" lon="-105.44471">
        <ele>2554.21</ele>
      </trkpt>
      <trkpt lat="38.9168" lon="-105.44485">
        <ele>2554.71</ele>
      </trkpt>
      <trkpt lat="38.91676" lon="-105.44508">
        <ele>2552.27</ele>
      </trkpt>
      <trkpt lat="38.9167" lon="-105.44541">
        <ele>2551.39</ele>
      </trkpt>
      <trkpt lat="38.91665" lon="-105.44562">
        <ele>2552.55</ele>
      </trkpt>
      <trkpt lat="38.91661" lon="-105.44575">
        <ele>2553.13</ele>
      </trkpt>
      <trkpt lat="38.91659" lon="-105.44582">
        <ele>2553.13</ele>
      </trkpt>
      <trkpt lat="38.91658" lon="-105.44585">
        <ele>2551.99</ele>
      </trkpt>
      <trkpt lat="38.91654" lon="-105.44597">
        <ele>2553.09</ele>
      </trkpt>
      <trkpt lat="38.91644" lon="-105.44617">
        <ele>2553.03</ele>
      </trkpt>
      <trkpt lat="38.9163" lon="-105.44645">
        <ele>2552.99</ele>
      </trkpt>
      <trkpt lat="38.91623" lon="-105.44663">
        <ele>2553.11</ele>
      </trkpt>
      <trkpt lat="38.9162" lon="-105.44676">
        <ele>2554.15</ele>
      </trkpt>
      <trkpt lat="38.91618" lon="-105.44684">
        <ele>2553.17</ele>
      </trkpt>
      <trkpt lat="38.91618" lon="-105.44686">
        <ele>2553.17</ele>
      </trkpt>
      <trkpt lat="38.91616" lon="-105.44699">
        <ele>2551.31</ele>
      </trkpt>
      <trkpt lat="38.91613" lon="-105.44716">
        <ele>2551.61</ele>
      </trkpt>
      <trkpt lat="38.9161" lon="-105.44737">
        <ele>2550.79</ele>
      </trkpt>
      <trkpt lat="38.9161" lon="-105.4474">
        <ele>2550.63</ele>
      </trkpt>
      <trkpt lat="38.9161" lon="-105.44746">
        <ele>2550.63</ele>
      </trkpt>
      <trkpt lat="38.91608" lon="-105.44761">
        <ele>2554.19</ele>
      </trkpt>
      <trkpt lat="38.91607" lon="-105.4478">
        <ele>2558.81</ele>
      </trkpt>
      <trkpt lat="38.91606" lon="-105.44793">
        <ele>2564.83</ele>
      </trkpt>
      <trkpt lat="38.91606" lon="-105.44798">
        <ele>2564.59</ele>
      </trkpt>
      <trkpt lat="38.91606" lon="-105.44798">
        <ele>2564.59</ele>
      </trkpt>
      <trkpt lat="38.91605" lon="-105.44802">
        <ele>2564.59</ele>
      </trkpt>
      <trkpt lat="38.91604" lon="-105.44811">
        <ele>2560.87</ele>
      </trkpt>
      <trkpt lat="38.91603" lon="-105.44819">
        <ele>2555.93</ele>
      </trkpt>
      <trkpt lat="38.91603" lon="-105.44826">
        <ele>2553.07</ele>
      </trkpt>
      <trkpt lat="38.916" lon="-105.44856">
        <ele>2554.03</ele>
      </trkpt>
      <trkpt lat="38.91598" lon="-105.44869">
        <ele>2553.27</ele>
      </trkpt>
      <trkpt lat="38.91597" lon="-105.44881">
        <ele>2553.39</ele>
      </trkpt>
      <trkpt lat="38.91597" lon="-105.44888">
        <ele>2553.69</ele>
      </trkpt>
      <trkpt lat="38.91595" lon="-105.44904">
        <ele>2551.85</ele>
      </trkpt>
      <trkpt lat="38.91594" lon="-105.44912">
        <ele>2553.99</ele>
      </trkpt>
      <trkpt lat="38.91593" lon="-105.44915">
        <ele>2553.99</ele>
      </trkpt>
      <trkpt lat="38.91592" lon="-105.44923">
        <ele>2554.17</ele>
      </trkpt>
      <trkpt lat="38.91591" lon="-105.44933">
        <ele>2554.91</ele>
      </trkpt>
      <trkpt lat="38.9159" lon="-105.44944">
        <ele>2559.41</ele>
      </trkpt>
      <trkpt lat="38.91587" lon="-105.44962">
        <ele>2568.35</ele>
      </trkpt>
      <trkpt lat="38.91584" lon="-105.44992">
        <ele>2557.89</ele>
      </trkpt>
      <trkpt lat="38.91583" lon="-105.44998">
        <ele>2556.39</ele>
      </trkpt>
      <trkpt lat="38.91582" lon="-105.45014">
        <ele>2555.05</ele>
      </trkpt>
      <trkpt lat="38.9158" lon="-105.45026">
        <ele>2556.29</ele>
      </trkpt>
      <trkpt lat="38.9158" lon="-105.45026">
        <ele>2556.29</ele>
      </trkpt>
      <trkpt lat="38.9158" lon="-105.45027">
        <ele>2556.29</ele>
      </trkpt>
      <trkpt lat="38.91579" lon="-105.45036">
        <ele>2556.21</ele>
      </trkpt>
      <trkpt lat="38.91577" lon="-105.45044">
        <ele>2556.23</ele>
      </trkpt>
      <trkpt lat="38.91575" lon="-105.45053">
        <ele>2556.35</ele>
      </trkpt>
      <trkpt lat="38.91572" lon="-105.45062">
        <ele>2559.13</ele>
      </trkpt>
      <trkpt lat="38.91569" lon="-105.45068">
        <ele>2559.87</ele>
      </trkpt>
      <trkpt lat="38.91566" lon="-105.45076">
        <ele>2563.25</ele>
      </trkpt>
      <trkpt lat="38.91565" lon="-105.45079">
        <ele>2563.25</ele>
      </trkpt>
      <trkpt lat="38.91558" lon="-105.45093">
        <ele>2564.54</ele>
      </trkpt>
      <trkpt lat="38.91553" lon="-105.45104">
        <ele>2565.79</ele>
      </trkpt>
      <trkpt lat="38.91549" lon="-105.4511">
        <ele>2564.39</ele>
      </trkpt>
      <trkpt lat="38.91546" lon="-105.45117">
        <ele>2565.29</ele>
      </trkpt>
      <trkpt lat="38.91542" lon="-105.45125">
        <ele>2563.49</ele>
      </trkpt>
      <trkpt lat="38.91541" lon="-105.45128">
        <ele>2565.93</ele>
      </trkpt>
      <trkpt lat="38.91539" lon="-105.45131">
        <ele>2565.93</ele>
      </trkpt>
      <trkpt lat="38.91535" lon="-105.45138">
        <ele>2564.37</ele>
      </trkpt>
      <trkpt lat="38.91523" lon="-105.4516">
        <ele>2564.29</ele>
      </trkpt>
      <trkpt lat="38.91504" lon="-105.45197">
        <ele>2565.83</ele>
      </trkpt>
      <trkpt lat="38.9149" lon="-105.45224">
        <ele>2566.38</ele>
      </trkpt>
      <trkpt lat="38.9149" lon="-105.45224">
        <ele>2566.38</ele>
      </trkpt>
      <trkpt lat="38.91488" lon="-105.4523">
        <ele>2565.3</ele>
      </trkpt>
      <trkpt lat="38.91486" lon="-105.45236">
        <ele>2566.46</ele>
      </trkpt>
      <trkpt lat="38.91483" lon="-105.4525">
        <ele>2565.52</ele>
      </trkpt>
      <trkpt lat="38.91479" lon="-105.45267">
        <ele>2566.66</ele>
      </trkpt>
      <trkpt lat="38.91475" lon="-105.45297">
        <ele>2563.45</ele>
      </trkpt>
      <trkpt lat="38.9147" lon="-105.45323">
        <ele>2563.61</ele>
      </trkpt>
      <trkpt lat="38.91468" lon="-105.45335">
        <ele>2562.89</ele>
      </trkpt>
      <trkpt lat="38.91466" lon="-105.45347">
        <ele>2564.49</ele>
      </trkpt>
      <trkpt lat="38.91463" lon="-105.45358">
        <ele>2563.23</ele>
      </trkpt>
      <trkpt lat="38.91459" lon="-105.45377">
        <ele>2564.27</ele>
      </trkpt>
      <trkpt lat="38.91454" lon="-105.4539">
        <ele>2566.07</ele>
      </trkpt>
      <trkpt lat="38.91453" lon="-105.45394">
        <ele>2565.27</ele>
      </trkpt>
      <trkpt lat="38.91449" lon="-105.45404">
        <ele>2564.37</ele>
      </trkpt>
      <trkpt lat="38.91441" lon="-105.4542">
        <ele>2566.89</ele>
      </trkpt>
      <trkpt lat="38.91434" lon="-105.45435">
        <ele>2566.57</ele>
      </trkpt>
      <trkpt lat="38.91432" lon="-105.4544">
        <ele>2566.57</ele>
      </trkpt>
      <trkpt lat="38.91425" lon="-105.45453">
        <ele>2565.89</ele>
      </trkpt>
      <trkpt lat="38.91419" lon="-105.45465">
        <ele>2566.31</ele>
      </trkpt>
      <trkpt lat="38.91411" lon="-105.4548">
        <ele>2564.95</ele>
      </trkpt>
      <trkpt lat="38.91402" lon="-105.45493">
        <ele>2565.13</ele>
      </trkpt>
      <trkpt lat="38.91386" lon="-105.45509">
        <ele>2566.9</ele>
      </trkpt>
      <trkpt lat="38.91374" lon="-105.4552">
        <ele>2566.06</ele>
      </trkpt>
      <trkpt lat="38.91371" lon="-105.45523">
        <ele>2566.06</ele>
      </trkpt>
      <trkpt lat="38.91362" lon="-105.45531">
        <ele>2565.52</ele>
      </trkpt>
      <trkpt lat="38.91352" lon="-105.45538">
        <ele>2566.0</ele>
      </trkpt>
      <trkpt lat="38.91341" lon="-105.45546">
        <ele>2565.18</ele>
      </trkpt>
      <trkpt lat="38.91333" lon="-105.45551">
        <ele>2566.86</ele>
      </trkpt>
      <trkpt lat="38.91323" lon="-105.45556">
        <ele>2566.06</ele>
      </trkpt>
      <trkpt lat="38.9131" lon="-105.45565">
        <ele>2566.69</ele>
      </trkpt>
      <trkpt lat="38.91305" lon="-105.45569">
        <ele>2568.13</ele>
      </trkpt>
      <trkpt lat="38.913" lon="-105.45574">
        <ele>2567.51</ele>
      </trkpt>
      <trkpt lat="38.91293" lon="-105.45581">
        <ele>2566.83</ele>
      </trkpt>
      <trkpt lat="38.91293" lon="-105.45581">
        <ele>2566.83</ele>
      </trkpt>
      <trkpt lat="38.91288" lon="-105.45588">
        <ele>2564.87</ele>
      </trkpt>
      <trkpt lat="38.91284" lon="-105.45592">
        <ele>2566.1</ele>
      </trkpt>
      <trkpt lat="38.91279" lon="-105.45597">
        <ele>2565.5</ele>
      </trkpt>
      <trkpt lat="38.91273" lon="-105.45607">
        <ele>2565.04</ele>
      </trkpt>
      <trkpt lat="38.91263" lon="-105.45623">
        <ele>2563.06</ele>
      </trkpt>
      <trkpt lat="38.91254" lon="-105.45636">
        <ele>2564.3</ele>
      </trkpt>
      <trkpt lat="38.91239" lon="-105.45658">
        <ele>2563.52</ele>
      </trkpt>
      <trkpt lat="38.91234" lon="-105.45666">
        <ele>2563.83</ele>
      </trkpt>
      <trkpt lat="38.91228" lon="-105.45675">
        <ele>2563.15</ele>
      </trkpt>
      <trkpt lat="38.91221" lon="-105.45685">
        <ele>2563.41</ele>
      </trkpt>
      <trkpt lat="38.91212" lon="-105.45699">
        <ele>2565.13</ele>
      </trkpt>
      <trkpt lat="38.91208" lon="-105.45704">
        <ele>2564.36</ele>
      </trkpt>
      <trkpt lat="38.91196" lon="-105.45722">
        <ele>2565.52</ele>
      </trkpt>
      <trkpt lat="38.91183" lon="-105.45739">
        <ele>2566.14</ele>
      </trkpt>
      <trkpt lat="38.91174" lon="-105.45751">
        <ele>2565.34</ele>
      </trkpt>
      <trkpt lat="38.91173" lon="-105.45752">
        <ele>2566.2</ele>
      </trkpt>
      <trkpt lat="38.91173" lon="-105.45752">
        <ele>2566.2</ele>
      </trkpt>
      <trkpt lat="38.91168" lon="-105.45757">
        <ele>2566.2</ele>
      </trkpt>
      <trkpt lat="38.91164" lon="-105.45761">
        <ele>2566.04</ele>
      </trkpt>
      <trkpt lat="38.91158" lon="-105.45767">
        <ele>2566.82</ele>
      </trkpt>
      <trkpt lat="38.9115" lon="-105.45773">
        <ele>2566.47</ele>
      </trkpt>
      <trkpt lat="38.91139" lon="-105.45778">
        <ele>2566.55</ele>
      </trkpt>
      <trkpt lat="38.91129" lon="-105.45781">
        <ele>2566.91</ele>
      </trkpt>
      <trkpt lat="38.91115" lon="-105.45783">
        <ele>2567.46</ele>
      </trkpt>
      <trkpt lat="38.91095" lon="-105.45783">
        <ele>2568.08</ele>
      </trkpt>
      <trkpt lat="38.91089" lon="-105.45783">
        <ele>2568.2</ele>
      </trkpt>
      <trkpt lat="38.91083" lon="-105.45783">
        <ele>2568.34</ele>
      </trkpt>
      <trkpt lat="38.91076" lon="-105.45782">
        <ele>2568.5</ele>
      </trkpt>
      <trkpt lat="38.91069" lon="-105.45783">
        <ele>2568.66</ele>
      </trkpt>
      <trkpt lat="38.9106" lon="-105.45783">
        <ele>2568.12</ele>
      </trkpt>
      <trkpt lat="38.91054" lon="-105.45783">
        <ele>2568.12</ele>
      </trkpt>
      <trkpt lat="38.91045" lon="-105.45785">
        <ele>2567.66</ele>
      </trkpt>
      <trkpt lat="38.91044" lon="-105.45785">
        <ele>2567.66</ele>
      </trkpt>
      <trkpt lat="38.91036" lon="-105.45787">
        <ele>2567.54</ele>
      </trkpt>
      <trkpt lat="38.91027" lon="-105.45791">
        <ele>2567.36</ele>
      </trkpt>
      <trkpt lat="38.91019" lon="-105.45795">
        <ele>2567.6</ele>
      </trkpt>
      <trkpt lat="38.9101" lon="-105.45802">
        <ele>2567.6</ele>
      </trkpt>
      <trkpt lat="38.91004" lon="-105.45808">
        <ele>2567.8</ele>
      </trkpt>
      <trkpt lat="38.91002" lon="-105.4581">
        <ele>2567.8</ele>
      </trkpt>
      <trkpt lat="38.90996" lon="-105.45818">
        <ele>2567.82</ele>
      </trkpt>
      <trkpt lat="38.90988" lon="-105.4583">
        <ele>2567.7</ele>
      </trkpt>
      <trkpt lat="38.9098" lon="-105.45846">
        <ele>2568.1</ele>
      </trkpt>
      <trkpt lat="38.90965" lon="-105.45878">
        <ele>2568.1</ele>
      </trkpt>
      <trkpt lat="38.90957" lon="-105.45895">
        <ele>2568.1</ele>
      </trkpt>
      <trkpt lat="38.90953" lon="-105.45903">
        <ele>2568.28</ele>
      </trkpt>
      <trkpt lat="38.90951" lon="-105.45906">
        <ele>2567.86</ele>
      </trkpt>
      <trkpt lat="38.90948" lon="-105.45913">
        <ele>2567.86</ele>
      </trkpt>
      <trkpt lat="38.90941" lon="-105.45926">
        <ele>2567.86</ele>
      </trkpt>
      <trkpt lat="38.90932" lon="-105.45945">
        <ele>2568.54</ele>
      </trkpt>
      <trkpt lat="38.90923" lon="-105.45961">
        <ele>2568.56</ele>
      </trkpt>
      <trkpt lat="38.9091" lon="-105.45978">
        <ele>2570.0</ele>
      </trkpt>
      <trkpt lat="38.909" lon="-105.45991">
        <ele>2572.1</ele>
      </trkpt>
      <trkpt lat="38.90898" lon="-105.45993">
        <ele>2572.1</ele>
      </trkpt>
      <trkpt lat="38.90898" lon="-105.45993">
        <ele>2572.1</ele>
      </trkpt>
      <trkpt lat="38.90893" lon="-105.46">
        <ele>2573.06</ele>
      </trkpt>
      <trkpt lat="38.90887" lon="-105.46006">
        <ele>2573.06</ele>
      </trkpt>
      <trkpt lat="38.90879" lon="-105.46014">
        <ele>2574.22</ele>
      </trkpt>
      <trkpt lat="38.90871" lon="-105.4602">
        <ele>2573.66</ele>
      </trkpt>
      <trkpt lat="38.90862" lon="-105.46027">
        <ele>2573.1</ele>
      </trkpt>
      <trkpt lat="38.90843" lon="-105.4604">
        <ele>2574.9</ele>
      </trkpt>
      <trkpt lat="38.9083" lon="-105.46048">
        <ele>2575.45</ele>
      </trkpt>
      <trkpt lat="38.90822" lon="-105.46054">
        <ele>2575.89</ele>
      </trkpt>
      <trkpt lat="38.90821" lon="-105.46054">
        <ele>2575.89</ele>
      </trkpt>
      <trkpt lat="38.90812" lon="-105.46061">
        <ele>2577.29</ele>
      </trkpt>
      <trkpt lat="38.90803" lon="-105.46067">
        <ele>2577.46</ele>
      </trkpt>
      <trkpt lat="38.90791" lon="-105.46076">
        <ele>2578.3</ele>
      </trkpt>
      <trkpt lat="38.90774" lon="-105.46086">
        <ele>2579.6</ele>
      </trkpt>
      <trkpt lat="38.9076" lon="-105.46095">
        <ele>2580.0</ele>
      </trkpt>
      <trkpt lat="38.90751" lon="-105.461">
        <ele>2579.37</ele>
      </trkpt>
      <trkpt lat="38.90743" lon="-105.46105">
        <ele>2579.97</ele>
      </trkpt>
      <trkpt lat="38.90742" lon="-105.46106">
        <ele>2579.97</ele>
      </trkpt>
      <trkpt lat="38.90738" lon="-105.46109">
        <ele>2579.59</ele>
      </trkpt>
      <trkpt lat="38.90733" lon="-105.46113">
        <ele>2580.25</ele>
      </trkpt>
      <trkpt lat="38.90724" lon="-105.46119">
        <ele>2579.81</ele>
      </trkpt>
      <trkpt lat="38.90708" lon="-105.4613">
        <ele>2580.81</ele>
      </trkpt>
      <trkpt lat="38.90694" lon="-105.46141">
        <ele>2580.07</ele>
      </trkpt>
      <trkpt lat="38.90682" lon="-105.46153">
        <ele>2579.15</ele>
      </trkpt>
      <trkpt lat="38.90674" lon="-105.46162">
        <ele>2578.97</ele>
      </trkpt>
      <trkpt lat="38.90668" lon="-105.4617">
        <ele>2578.67</ele>
      </trkpt>
      <trkpt lat="38.90667" lon="-105.46171">
        <ele>2578.67</ele>
      </trkpt>
      <trkpt lat="38.9066" lon="-105.46183">
        <ele>2579.26</ele>
      </trkpt>
      <trkpt lat="38.90653" lon="-105.46195">
        <ele>2578.72</ele>
      </trkpt>
      <trkpt lat="38.90644" lon="-105.46212">
        <ele>2579.49</ele>
      </trkpt>
      <trkpt lat="38.90642" lon="-105.46218">
        <ele>2580.19</ele>
      </trkpt>
      <trkpt lat="38.90633" lon="-105.46238">
        <ele>2580.25</ele>
      </trkpt>
      <trkpt lat="38.90631" lon="-105.46244">
        <ele>2579.91</ele>
      </trkpt>
      <trkpt lat="38.90627" lon="-105.46252">
        <ele>2580.22</ele>
      </trkpt>
      <trkpt lat="38.90624" lon="-105.46259">
        <ele>2580.02</ele>
      </trkpt>
      <trkpt lat="38.90619" lon="-105.46268">
        <ele>2579.86</ele>
      </trkpt>
      <trkpt lat="38.90619" lon="-105.46268">
        <ele>2579.86</ele>
      </trkpt>
      <trkpt lat="38.90611" lon="-105.46287">
        <ele>2579.98</ele>
      </trkpt>
      <trkpt lat="38.90597" lon="-105.46317">
        <ele>2580.06</ele>
      </trkpt>
      <trkpt lat="38.90582" lon="-105.4635">
        <ele>2580.47</ele>
      </trkpt>
      <trkpt lat="38.90574" lon="-105.46367">
        <ele>2580.61</ele>
      </trkpt>
      <trkpt lat="38.90573" lon="-105.4637">
        <ele>2580.95</ele>
      </trkpt>
      <trkpt lat="38.90569" lon="-105.46379">
        <ele>2580.63</ele>
      </trkpt>
      <trkpt lat="38.90563" lon="-105.46394">
        <ele>2580.27</ele>
      </trkpt>
      <trkpt lat="38.90554" lon="-105.46414">
        <ele>2580.35</ele>
      </trkpt>
      <trkpt lat="38.90551" lon="-105.46423">
        <ele>2580.13</ele>
      </trkpt>
      <trkpt lat="38.90546" lon="-105.46435">
        <ele>2579.89</ele>
      </trkpt>
      <trkpt lat="38.9054" lon="-105.46455">
        <ele>2580.56</ele>
      </trkpt>
      <trkpt lat="38.90536" lon="-105.46469">
        <ele>2580.52</ele>
      </trkpt>
      <trkpt lat="38.90535" lon="-105.46471">
        <ele>2580.52</ele>
      </trkpt>
      <trkpt lat="38.90535" lon="-105.46471">
        <ele>2580.52</ele>
      </trkpt>
      <trkpt lat="38.90533" lon="-105.4648">
        <ele>2580.9</ele>
      </trkpt>
      <trkpt lat="38.90531" lon="-105.46488">
        <ele>2580.78</ele>
      </trkpt>
      <trkpt lat="38.90529" lon="-105.46498">
        <ele>2581.5</ele>
      </trkpt>
      <trkpt lat="38.90526" lon="-105.46523">
        <ele>2581.5</ele>
      </trkpt>
      <trkpt lat="38.90526" lon="-105.46527">
        <ele>2581.68</ele>
      </trkpt>
      <trkpt lat="38.90526" lon="-105.46529">
        <ele>2581.68</ele>
      </trkpt>
      <trkpt lat="38.90525" lon="-105.46535">
        <ele>2581.9</ele>
      </trkpt>
      <trkpt lat="38.90525" lon="-105.46541">
        <ele>2582.18</ele>
      </trkpt>
      <trkpt lat="38.90525" lon="-105.46548">
        <ele>2582.18</ele>
      </trkpt>
      <trkpt lat="38.90526" lon="-105.46555">
        <ele>2582.54</ele>
      </trkpt>
      <trkpt lat="38.90526" lon="-105.46561">
        <ele>2583.08</ele>
      </trkpt>
      <trkpt lat="38.90528" lon="-105.46573">
        <ele>2583.56</ele>
      </trkpt>
      <trkpt lat="38.90529" lon="-105.46584">
        <ele>2585.26</ele>
      </trkpt>
      <trkpt lat="38.90529" lon="-105.46585">
        <ele>2585.26</ele>
      </trkpt>
      <trkpt lat="38.90531" lon="-105.46598">
        <ele>2586.31</ele>
      </trkpt>
      <trkpt lat="38.90532" lon="-105.46603">
        <ele>2587.39</ele>
      </trkpt>
      <trkpt lat="38.90533" lon="-105.46609">
        <ele>2588.99</ele>
      </trkpt>
      <trkpt lat="38.90537" lon="-105.46628">
        <ele>2590.49</ele>
      </trkpt>
      <trkpt lat="38.90539" lon="-105.46648">
        <ele>2589.85</ele>
      </trkpt>
      <trkpt lat="38.90543" lon="-105.46672">
        <ele>2587.79</ele>
      </trkpt>
      <trkpt lat="38.90545" lon="-105.46684">
        <ele>2586.63</ele>
      </trkpt>
      <trkpt lat="38.90546" lon="-105.46697">
        <ele>2584.43</ele>
      </trkpt>
      <trkpt lat="38.90546" lon="-105.46697">
        <ele>2584.43</ele>
      </trkpt>
      <trkpt lat="38.90549" lon="-105.4671">
        <ele>2583.09</ele>
      </trkpt>
      <trkpt lat="38.9055" lon="-105.4672">
        <ele>2582.69</ele>
      </trkpt>
      <trkpt lat="38.90551" lon="-105.46732">
        <ele>2581.46</ele>
      </trkpt>
      <trkpt lat="38.90555" lon="-105.46758">
        <ele>2578.98</ele>
      </trkpt>
      <trkpt lat="38.90559" lon="-105.46793">
        <ele>2579.08</ele>
      </trkpt>
      <trkpt lat="38.90562" lon="-105.46811">
        <ele>2579.14</ele>
      </trkpt>
      <trkpt lat="38.90562" lon="-105.46813">
        <ele>2579.14</ele>
      </trkpt>
      <trkpt lat="38.90563" lon="-105.46821">
        <ele>2579.26</ele>
      </trkpt>
      <trkpt lat="38.90565" lon="-105.46838">
        <ele>2579.4</ele>
      </trkpt>
      <trkpt lat="38.90568" lon="-105.46867">
        <ele>2579.67</ele>
      </trkpt>
      <trkpt lat="38.90568" lon="-105.46868">
        <ele>2579.67</ele>
      </trkpt>
      <trkpt lat="38.90571" lon="-105.46884">
        <ele>2580.21</ele>
      </trkpt>
      <trkpt lat="38.90573" lon="-105.46903">
        <ele>2580.05</ele>
      </trkpt>
      <trkpt lat="38.90576" lon="-105.46923">
        <ele>2580.57</ele>
      </trkpt>
      <trkpt lat="38.90576" lon="-105.46925">
        <ele>2580.57</ele>
      </trkpt>
      <trkpt lat="38.90578" lon="-105.46934">
        <ele>2580.79</ele>
      </trkpt>
      <trkpt lat="38.90578" lon="-105.46938">
        <ele>2580.87</ele>
      </trkpt>
      <trkpt lat="38.9058" lon="-105.46954">
        <ele>2579.85</ele>
      </trkpt>
      <trkpt lat="38.90584" lon="-105.46979">
        <ele>2580.17</ele>
      </trkpt>
      <trkpt lat="38.90584" lon="-105.46983">
        <ele>2580.17</ele>
      </trkpt>
      <trkpt lat="38.90589" lon="-105.47009">
        <ele>2579.99</ele>
      </trkpt>
      <trkpt lat="38.9059" lon="-105.47015">
        <ele>2580.09</ele>
      </trkpt>
      <trkpt lat="38.90592" lon="-105.47032">
        <ele>2580.15</ele>
      </trkpt>
      <trkpt lat="38.90593" lon="-105.47037">
        <ele>2579.75</ele>
      </trkpt>
      <trkpt lat="38.90593" lon="-105.47038">
        <ele>2579.75</ele>
      </trkpt>
      <trkpt lat="38.90594" lon="-105.47042">
        <ele>2579.85</ele>
      </trkpt>
      <trkpt lat="38.90594" lon="-105.47046">
        <ele>2579.85</ele>
      </trkpt>
      <trkpt lat="38.90594" lon="-105.47049">
        <ele>2579.99</ele>
      </trkpt>
      <trkpt lat="38.90594" lon="-105.47054">
        <ele>2579.99</ele>
      </trkpt>
      <trkpt lat="38.90595" lon="-105.47063">
        <ele>2580.03</ele>
      </trkpt>
      <trkpt lat="38.90597" lon="-105.47093">
        <ele>2579.96</ele>
      </trkpt>
      <trkpt lat="38.90593" lon="-105.47121">
        <ele>2579.96</ele>
      </trkpt>
      <trkpt lat="38.90588" lon="-105.47148">
        <ele>2580.08</ele>
      </trkpt>
      <trkpt lat="38.90585" lon="-105.47161">
        <ele>2580.04</ele>
      </trkpt>
      <trkpt lat="38.90584" lon="-105.47171">
        <ele>2580.02</ele>
      </trkpt>
      <trkpt lat="38.90585" lon="-105.47161">
        <ele>2580.04</ele>
      </trkpt>
      <trkpt lat="38.90588" lon="-105.47148">
        <ele>2580.08</ele>
      </trkpt>
      <trkpt lat="38.90593" lon="-105.47121">
        <ele>2579.96</ele>
      </trkpt>
      <trkpt lat="38.90597" lon="-105.47093">
        <ele>2579.96</ele>
      </trkpt>
      <trkpt lat="38.90595" lon="-105.47063">
        <ele>2580.03</ele>
      </trkpt>
      <trkpt lat="38.90594" lon="-105.47054">
        <ele>2579.99</ele>
      </trkpt>
      <trkpt lat="38.90594" lon="-105.47049">
        <ele>2579.99</ele>
      </trkpt>
      <trkpt lat="38.90594" lon="-105.47046">
        <ele>2579.85</ele>
      </trkpt>
      <trkpt lat="38.90594" lon="-105.47042">
        <ele>2579.85</ele>
      </trkpt>
      <trkpt lat="38.90593" lon="-105.47038">
        <ele>2579.75</ele>
      </trkpt>
      <trkpt lat="38.90593" lon="-105.47037">
        <ele>2579.75</ele>
      </trkpt>
      <trkpt lat="38.90592" lon="-105.47032">
        <ele>2580.15</ele>
      </trkpt>
      <trkpt lat="38.9059" lon="-105.47015">
        <ele>2580.09</ele>
      </trkpt>
      <trkpt lat="38.90589" lon="-105.47009">
        <ele>2579.99</ele>
      </trkpt>
      <trkpt lat="38.90584" lon="-105.46983">
        <ele>2580.17</ele>
      </trkpt>
      <trkpt lat="38.90584" lon="-105.46979">
        <ele>2580.17</ele>
      </trkpt>
      <trkpt lat="38.9058" lon="-105.46954">
        <ele>2579.85</ele>
      </trkpt>
      <trkpt lat="38.90578" lon="-105.46938">
        <ele>2580.87</ele>
      </trkpt>
      <trkpt lat="38.90578" lon="-105.46934">
        <ele>2580.79</ele>
      </trkpt>
      <trkpt lat="38.90576" lon="-105.46925">
        <ele>2580.57</ele>
      </trkpt>
      <trkpt lat="38.90576" lon="-105.46923">
        <ele>2580.57</ele>
      </trkpt>
      <trkpt lat="38.90573" lon="-105.46903">
        <ele>2580.05</ele>
      </trkpt>
      <trkpt lat="38.90571" lon="-105.46884">
        <ele>2580.21</ele>
      </trkpt>
      <trkpt lat="38.90568" lon="-105.46868">
        <ele>2579.67</ele>
      </trkpt>
      <trkpt lat="38.90568" lon="-105.46867">
        <ele>2579.67</ele>
      </trkpt>
      <trkpt lat="38.90565" lon="-105.46838">
        <ele>2579.4</ele>
      </trkpt>
      <trkpt lat="38.90563" lon="-105.46821">
        <ele>2579.26</ele>
      </trkpt>
      <trkpt lat="38.90562" lon="-105.46813">
        <ele>2579.14</ele>
      </trkpt>
      <trkpt lat="38.90562" lon="-105.46811">
        <ele>2579.14</ele>
      </trkpt>
      <trkpt lat="38.90559" lon="-105.46793">
        <ele>2579.08</ele>
      </trkpt>
      <trkpt lat="38.90555" lon="-105.46758">
        <ele>2578.98</ele>
      </trkpt>
      <trkpt lat="38.90551" lon="-105.46732">
        <ele>2581.46</ele>
      </trkpt>
      <trkpt lat="38.9055" lon="-105.4672">
        <ele>2582.69</ele>
      </trkpt>
      <trkpt lat="38.90549" lon="-105.4671">
        <ele>2583.09</ele>
      </trkpt>
      <trkpt lat="38.90546" lon="-105.46697">
        <ele>2584.43</ele>
      </trkpt>
      <trkpt lat="38.90546" lon="-105.46697">
        <ele>2584.43</ele>
      </trkpt>
      <trkpt lat="38.90545" lon="-105.46684">
        <ele>2586.63</ele>
      </trkpt>
      <trkpt lat="38.90543" lon="-105.46672">
        <ele>2587.79</ele>
      </trkpt>
      <trkpt lat="38.90539" lon="-105.46648">
        <ele>2589.85</ele>
      </trkpt>
      <trkpt lat="38.90537" lon="-105.46628">
        <ele>2590.49</ele>
      </trkpt>
      <trkpt lat="38.90533" lon="-105.46609">
        <ele>2588.99</ele>
      </trkpt>
      <trkpt lat="38.90532" lon="-105.46603">
        <ele>2587.39</ele>
      </trkpt>
      <trkpt lat="38.90531" lon="-105.46598">
        <ele>2586.31</ele>
      </trkpt>
      <trkpt lat="38.90529" lon="-105.46585">
        <ele>2585.26</ele>
      </trkpt>
      <trkpt lat="38.90529" lon="-105.46584">
        <ele>2585.26</ele>
      </trkpt>
      <trkpt lat="38.90528" lon="-105.46573">
        <ele>2583.56</ele>
      </trkpt>
      <trkpt lat="38.90526" lon="-105.46561">
        <ele>2583.08</ele>
      </trkpt>
      <trkpt lat="38.90526" lon="-105.46555">
        <ele>2582.54</ele>
      </trkpt>
      <trkpt lat="38.90525" lon="-105.46548">
        <ele>2582.18</ele>
      </trkpt>
      <trkpt lat="38.90525" lon="-105.46541">
        <ele>2582.18</ele>
      </trkpt>
      <trkpt lat="38.90525" lon="-105.46535">
        <ele>2581.9</ele>
      </trkpt>
      <trkpt lat="38.90526" lon="-105.46529">
        <ele>2581.68</ele>
      </trkpt>
      <trkpt lat="38.90526" lon="-105.46527">
        <ele>2581.68</ele>
      </trkpt>
      <trkpt lat="38.90526" lon="-105.46523">
        <ele>2581.5</ele>
      </trkpt>
      <trkpt lat="38.90529" lon="-105.46498">
        <ele>2581.5</ele>
      </trkpt>
      <trkpt lat="38.90531" lon="-105.46488">
        <ele>2580.78</ele>
      </trkpt>
      <trkpt lat="38.90533" lon="-105.4648">
        <ele>2580.9</ele>
      </trkpt>
      <trkpt lat="38.90535" lon="-105.46471">
        <ele>2580.52</ele>
      </trkpt>
      <trkpt lat="38.90535" lon="-105.46471">
        <ele>2580.52</ele>
      </trkpt>
      <trkpt lat="38.90536" lon="-105.46469">
        <ele>2580.52</ele>
      </trkpt>
      <trkpt lat="38.9054" lon="-105.46455">
        <ele>2580.56</ele>
      </trkpt>
      <trkpt lat="38.90546" lon="-105.46435">
        <ele>2579.89</ele>
      </trkpt>
      <trkpt lat="38.90551" lon="-105.46423">
        <ele>2580.13</ele>
      </trkpt>
      <trkpt lat="38.90554" lon="-105.46414">
        <ele>2580.35</ele>
      </trkpt>
      <trkpt lat="38.90563" lon="-105.46394">
        <ele>2580.27</ele>
      </trkpt>
      <trkpt lat="38.90569" lon="-105.46379">
        <ele>2580.63</ele>
      </trkpt>
      <trkpt lat="38.90573" lon="-105.4637">
        <ele>2580.95</ele>
      </trkpt>
      <trkpt lat="38.90574" lon="-105.46367">
        <ele>2580.61</ele>
      </trkpt>
      <trkpt lat="38.90582" lon="-105.4635">
        <ele>2580.47</ele>
      </trkpt>
      <trkpt lat="38.90597" lon="-105.46317">
        <ele>2580.06</ele>
      </trkpt>
      <trkpt lat="38.90611" lon="-105.46287">
        <ele>2579.98</ele>
      </trkpt>
      <trkpt lat="38.90619" lon="-105.46268">
        <ele>2579.86</ele>
      </trkpt>
      <trkpt lat="38.90619" lon="-105.46268">
        <ele>2579.86</ele>
      </trkpt>
      <trkpt lat="38.90624" lon="-105.46259">
        <ele>2580.02</ele>
      </trkpt>
      <trkpt lat="38.90627" lon="-105.46252">
        <ele>2580.22</ele>
      </trkpt>
      <trkpt lat="38.90631" lon="-105.46244">
        <ele>2579.91</ele>
      </trkpt>
      <trkpt lat="38.90633" lon="-105.46238">
        <ele>2580.25</ele>
      </trkpt>
      <trkpt lat="38.90642" lon="-105.46218">
        <ele>2580.19</ele>
      </trkpt>
      <trkpt lat="38.90644" lon="-105.46212">
        <ele>2579.49</ele>
      </trkpt>
      <trkpt lat="38.90653" lon="-105.46195">
        <ele>2578.72</ele>
      </trkpt>
      <trkpt lat="38.9066" lon="-105.46183">
        <ele>2579.26</ele>
      </trkpt>
      <trkpt lat="38.90667" lon="-105.46171">
        <ele>2578.67</ele>
      </trkpt>
      <trkpt lat="38.90668" lon="-105.4617">
        <ele>2578.67</ele>
      </trkpt>
      <trkpt lat="38.90674" lon="-105.46162">
        <ele>2578.97</ele>
      </trkpt>
      <trkpt lat="38.90682" lon="-105.46153">
        <ele>2579.15</ele>
      </trkpt>
      <trkpt lat="38.90694" lon="-105.46141">
        <ele>2580.07</ele>
      </trkpt>
      <trkpt lat="38.90708" lon="-105.4613">
        <ele>2580.81</ele>
      </trkpt>
      <trkpt lat="38.90724" lon="-105.46119">
        <ele>2579.81</ele>
      </trkpt>
      <trkpt lat="38.90733" lon="-105.46113">
        <ele>2580.25</ele>
      </trkpt>
      <trkpt lat="38.90738" lon="-105.46109">
        <ele>2579.59</ele>
      </trkpt>
      <trkpt lat="38.90742" lon="-105.46106">
        <ele>2579.97</ele>
      </trkpt>
      <trkpt lat="38.90743" lon="-105.46105">
        <ele>2579.97</ele>
      </trkpt>
      <trkpt lat="38.90751" lon="-105.461">
        <ele>2579.37</ele>
      </trkpt>
      <trkpt lat="38.9076" lon="-105.46095">
        <ele>2580.0</ele>
      </trkpt>
      <trkpt lat="38.90774" lon="-105.46086">
        <ele>2579.6</ele>
      </trkpt>
      <trkpt lat="38.90791" lon="-105.46076">
        <ele>2578.3</ele>
      </trkpt>
      <trkpt lat="38.90803" lon="-105.46067">
        <ele>2577.46</ele>
      </trkpt>
      <trkpt lat="38.90812" lon="-105.46061">
        <ele>2577.29</ele>
      </trkpt>
      <trkpt lat="38.90821" lon="-105.46054">
        <ele>2575.89</ele>
      </trkpt>
      <trkpt lat="38.90822" lon="-105.46054">
        <ele>2575.89</ele>
      </trkpt>
      <trkpt lat="38.9083" lon="-105.46048">
        <ele>2575.45</ele>
      </trkpt>
      <trkpt lat="38.90843" lon="-105.4604">
        <ele>2574.9</ele>
      </trkpt>
      <trkpt lat="38.90862" lon="-105.46027">
        <ele>2573.1</ele>
      </trkpt>
      <trkpt lat="38.90871" lon="-105.4602">
        <ele>2573.66</ele>
      </trkpt>
      <trkpt lat="38.90879" lon="-105.46014">
        <ele>2574.22</ele>
      </trkpt>
      <trkpt lat="38.90887" lon="-105.46006">
        <ele>2573.06</ele>
      </trkpt>
      <trkpt lat="38.90893" lon="-105.46">
        <ele>2573.06</ele>
      </trkpt>
      <trkpt lat="38.90898" lon="-105.45993">
        <ele>2572.1</ele>
      </trkpt>
      <trkpt lat="38.90898" lon="-105.45993">
        <ele>2572.1</ele>
      </trkpt>
      <trkpt lat="38.909" lon="-105.45991">
        <ele>2572.1</ele>
      </trkpt>
      <trkpt lat="38.9091" lon="-105.45978">
        <ele>2570.0</ele>
      </trkpt>
      <trkpt lat="38.90923" lon="-105.45961">
        <ele>2568.56</ele>
      </trkpt>
      <trkpt lat="38.90932" lon="-105.45945">
        <ele>2568.54</ele>
      </trkpt>
      <trkpt lat="38.90941" lon="-105.45926">
        <ele>2567.86</ele>
      </trkpt>
      <trkpt lat="38.90948" lon="-105.45913">
        <ele>2567.86</ele>
      </trkpt>
      <trkpt lat="38.90951" lon="-105.45906">
        <ele>2567.86</ele>
      </trkpt>
      <trkpt lat="38.90953" lon="-105.45903">
        <ele>2568.28</ele>
      </trkpt>
      <trkpt lat="38.90957" lon="-105.45895">
        <ele>2568.1</ele>
      </trkpt>
      <trkpt lat="38.90965" lon="-105.45878">
        <ele>2568.1</ele>
      </trkpt>
      <trkpt lat="38.9098" lon="-105.45846">
        <ele>2568.1</ele>
      </trkpt>
      <trkpt lat="38.90988" lon="-105.4583">
        <ele>2567.7</ele>
      </trkpt>
      <trkpt lat="38.90996" lon="-105.45818">
        <ele>2567.82</ele>
      </trkpt>
      <trkpt lat="38.91002" lon="-105.4581">
        <ele>2567.8</ele>
      </trkpt>
      <trkpt lat="38.91004" lon="-105.45808">
        <ele>2567.8</ele>
      </trkpt>
      <trkpt lat="38.9101" lon="-105.45802">
        <ele>2567.6</ele>
      </trkpt>
      <trkpt lat="38.91019" lon="-105.45795">
        <ele>2567.6</ele>
      </trkpt>
      <trkpt lat="38.91027" lon="-105.45791">
        <ele>2567.36</ele>
      </trkpt>
      <trkpt lat="38.91036" lon="-105.45787">
        <ele>2567.54</ele>
      </trkpt>
      <trkpt lat="38.91044" lon="-105.45785">
        <ele>2567.66</ele>
      </trkpt>
      <trkpt lat="38.91045" lon="-105.45785">
        <ele>2567.66</ele>
      </trkpt>
      <trkpt lat="38.91054" lon="-105.45783">
        <ele>2568.12</ele>
      </trkpt>
      <trkpt lat="38.9106" lon="-105.45783">
        <ele>2568.12</ele>
      </trkpt>
      <trkpt lat="38.91069" lon="-105.45783">
        <ele>2568.66</ele>
      </trkpt>
      <trkpt lat="38.91076" lon="-105.45782">
        <ele>2568.5</ele>
      </trkpt>
      <trkpt lat="38.91083" lon="-105.45783">
        <ele>2568.34</ele>
      </trkpt>
      <trkpt lat="38.91089" lon="-105.45783">
        <ele>2568.2</ele>
      </trkpt>
      <trkpt lat="38.91095" lon="-105.45783">
        <ele>2568.08</ele>
      </trkpt>
      <trkpt lat="38.91115" lon="-105.45783">
        <ele>2567.46</ele>
      </trkpt>
      <trkpt lat="38.91129" lon="-105.45781">
        <ele>2566.91</ele>
      </trkpt>
      <trkpt lat="38.91139" lon="-105.45778">
        <ele>2566.55</ele>
      </trkpt>
      <trkpt lat="38.9115" lon="-105.45773">
        <ele>2566.47</ele>
      </trkpt>
      <trkpt lat="38.91158" lon="-105.45767">
        <ele>2566.82</ele>
      </trkpt>
      <trkpt lat="38.91164" lon="-105.45761">
        <ele>2566.04</ele>
      </trkpt>
      <trkpt lat="38.91168" lon="-105.45757">
        <ele>2566.2</ele>
      </trkpt>
      <trkpt lat="38.91173" lon="-105.45752">
        <ele>2566.2</ele>
      </trkpt>
      <trkpt lat="38.91173" lon="-105.45752">
        <ele>2566.2</ele>
      </trkpt>
      <trkpt lat="38.91174" lon="-105.45751">
        <ele>2565.34</ele>
      </trkpt>
      <trkpt lat="38.91183" lon="-105.45739">
        <ele>2566.14</ele>
      </trkpt>
      <trkpt lat="38.91196" lon="-105.45722">
        <ele>2565.52</ele>
      </trkpt>
      <trkpt lat="38.91208" lon="-105.45704">
        <ele>2564.36</ele>
      </trkpt>
      <trkpt lat="38.91212" lon="-105.45699">
        <ele>2565.13</ele>
      </trkpt>
      <trkpt lat="38.91221" lon="-105.45685">
        <ele>2563.41</ele>
      </trkpt>
      <trkpt lat="38.91228" lon="-105.45675">
        <ele>2563.15</ele>
      </trkpt>
      <trkpt lat="38.91234" lon="-105.45666">
        <ele>2563.83</ele>
      </trkpt>
      <trkpt lat="38.91239" lon="-105.45658">
        <ele>2563.52</ele>
      </trkpt>
      <trkpt lat="38.91254" lon="-105.45636">
        <ele>2564.3</ele>
      </trkpt>
      <trkpt lat="38.91263" lon="-105.45623">
        <ele>2563.06</ele>
      </trkpt>
      <trkpt lat="38.91273" lon="-105.45607">
        <ele>2565.04</ele>
      </trkpt>
      <trkpt lat="38.91279" lon="-105.45597">
        <ele>2565.5</ele>
      </trkpt>
      <trkpt lat="38.91284" lon="-105.45592">
        <ele>2566.1</ele>
      </trkpt>
      <trkpt lat="38.91288" lon="-105.45588">
        <ele>2564.87</ele>
      </trkpt>
      <trkpt lat="38.91293" lon="-105.45581">
        <ele>2566.83</ele>
      </trkpt>
      <trkpt lat="38.91293" lon="-105.45581">
        <ele>2566.83</ele>
      </trkpt>
      <trkpt lat="38.913" lon="-105.45574">
        <ele>2567.51</ele>
      </trkpt>
      <trkpt lat="38.91305" lon="-105.45569">
        <ele>2568.13</ele>
      </trkpt>
      <trkpt lat="38.9131" lon="-105.45565">
        <ele>2566.69</ele>
      </trkpt>
      <trkpt lat="38.91323" lon="-105.45556">
        <ele>2566.06</ele>
      </trkpt>
      <trkpt lat="38.91333" lon="-105.45551">
        <ele>2566.86</ele>
      </trkpt>
      <trkpt lat="38.91341" lon="-105.45546">
        <ele>2565.18</ele>
      </trkpt>
      <trkpt lat="38.91352" lon="-105.45538">
        <ele>2566.0</ele>
      </trkpt>
      <trkpt lat="38.91362" lon="-105.45531">
        <ele>2565.52</ele>
      </trkpt>
      <trkpt lat="38.91371" lon="-105.45523">
        <ele>2566.06</ele>
      </trkpt>
      <trkpt lat="38.91374" lon="-105.4552">
        <ele>2566.06</ele>
      </trkpt>
      <trkpt lat="38.91386" lon="-105.45509">
        <ele>2566.9</ele>
      </trkpt>
      <trkpt lat="38.91402" lon="-105.45493">
        <ele>2565.13</ele>
      </trkpt>
      <trkpt lat="38.91411" lon="-105.4548">
        <ele>2564.95</ele>
      </trkpt>
      <trkpt lat="38.91419" lon="-105.45465">
        <ele>2566.31</ele>
      </trkpt>
      <trkpt lat="38.91425" lon="-105.45453">
        <ele>2565.89</ele>
      </trkpt>
      <trkpt lat="38.91432" lon="-105.4544">
        <ele>2566.57</ele>
      </trkpt>
      <trkpt lat="38.91434" lon="-105.45435">
        <ele>2566.57</ele>
      </trkpt>
      <trkpt lat="38.91441" lon="-105.4542">
        <ele>2566.89</ele>
      </trkpt>
      <trkpt lat="38.91449" lon="-105.45404">
        <ele>2564.37</ele>
      </trkpt>
      <trkpt lat="38.91453" lon="-105.45394">
        <ele>2565.27</ele>
      </trkpt>
      <trkpt lat="38.91454" lon="-105.4539">
        <ele>2566.07</ele>
      </trkpt>
      <trkpt lat="38.91459" lon="-105.45377">
        <ele>2564.27</ele>
      </trkpt>
      <trkpt lat="38.91463" lon="-105.45358">
        <ele>2563.23</ele>
      </trkpt>
      <trkpt lat="38.91466" lon="-105.45347">
        <ele>2564.49</ele>
      </trkpt>
      <trkpt lat="38.91468" lon="-105.45335">
        <ele>2562.89</ele>
      </trkpt>
      <trkpt lat="38.9147" lon="-105.45323">
        <ele>2563.61</ele>
      </trkpt>
      <trkpt lat="38.91475" lon="-105.45297">
        <ele>2563.45</ele>
      </trkpt>
      <trkpt lat="38.91479" lon="-105.45267">
        <ele>2566.66</ele>
      </trkpt>
      <trkpt lat="38.91483" lon="-105.4525">
        <ele>2565.52</ele>
      </trkpt>
      <trkpt lat="38.91486" lon="-105.45236">
        <ele>2566.46</ele>
      </trkpt>
      <trkpt lat="38.91488" lon="-105.4523">
        <ele>2565.3</ele>
      </trkpt>
      <trkpt lat="38.9149" lon="-105.45224">
        <ele>2566.38</ele>
      </trkpt>
      <trkpt lat="38.9149" lon="-105.45224">
        <ele>2566.38</ele>
      </trkpt>
      <trkpt lat="38.91504" lon="-105.45197">
        <ele>2565.83</ele>
      </trkpt>
      <trkpt lat="38.91523" lon="-105.4516">
        <ele>2564.29</ele>
      </trkpt>
      <trkpt lat="38.91535" lon="-105.45138">
        <ele>2564.37</ele>
      </trkpt>
      <trkpt lat="38.91539" lon="-105.45131">
        <ele>2565.93</ele>
      </trkpt>
      <trkpt lat="38.91541" lon="-105.45128">
        <ele>2565.93</ele>
      </trkpt>
      <trkpt lat="38.91542" lon="-105.45125">
        <ele>2563.49</ele>
      </trkpt>
      <trkpt lat="38.91546" lon="-105.45117">
        <ele>2565.29</ele>
      </trkpt>
      <trkpt lat="38.91549" lon="-105.4511">
        <ele>2564.39</ele>
      </trkpt>
      <trkpt lat="38.91553" lon="-105.45104">
        <ele>2565.79</ele>
      </trkpt>
      <trkpt lat="38.91558" lon="-105.45093">
        <ele>2564.54</ele>
      </trkpt>
      <trkpt lat="38.91565" lon="-105.45079">
        <ele>2563.25</ele>
      </trkpt>
      <trkpt lat="38.91566" lon="-105.45076">
        <ele>2563.25</ele>
      </trkpt>
      <trkpt lat="38.91569" lon="-105.45068">
        <ele>2559.87</ele>
      </trkpt>
      <trkpt lat="38.91572" lon="-105.45062">
        <ele>2559.13</ele>
      </trkpt>
      <trkpt lat="38.91575" lon="-105.45053">
        <ele>2556.35</ele>
      </trkpt>
      <trkpt lat="38.91577" lon="-105.45044">
        <ele>2556.23</ele>
      </trkpt>
      <trkpt lat="38.91579" lon="-105.45036">
        <ele>2556.21</ele>
      </trkpt>
      <trkpt lat="38.9158" lon="-105.45027">
        <ele>2556.29</ele>
      </trkpt>
      <trkpt lat="38.9158" lon="-105.45026">
        <ele>2556.29</ele>
      </trkpt>
      <trkpt lat="38.9158" lon="-105.45026">
        <ele>2556.29</ele>
      </trkpt>
      <trkpt lat="38.91582" lon="-105.45014">
        <ele>2555.05</ele>
      </trkpt>
      <trkpt lat="38.91583" lon="-105.44998">
        <ele>2556.39</ele>
      </trkpt>
      <trkpt lat="38.91584" lon="-105.44992">
        <ele>2557.89</ele>
      </trkpt>
      <trkpt lat="38.91587" lon="-105.44962">
        <ele>2568.35</ele>
      </trkpt>
      <trkpt lat="38.9159" lon="-105.44944">
        <ele>2559.41</ele>
      </trkpt>
      <trkpt lat="38.91591" lon="-105.44933">
        <ele>2554.91</ele>
      </trkpt>
      <trkpt lat="38.91592" lon="-105.44923">
        <ele>2554.17</ele>
      </trkpt>
      <trkpt lat="38.91593" lon="-105.44915">
        <ele>2553.99</ele>
      </trkpt>
      <trkpt lat="38.91594" lon="-105.44912">
        <ele>2553.99</ele>
      </trkpt>
      <trkpt lat="38.91595" lon="-105.44904">
        <ele>2551.85</ele>
      </trkpt>
      <trkpt lat="38.91597" lon="-105.44888">
        <ele>2553.69</ele>
      </trkpt>
      <trkpt lat="38.91597" lon="-105.44881">
        <ele>2553.39</ele>
      </trkpt>
      <trkpt lat="38.91598" lon="-105.44869">
        <ele>2553.27</ele>
      </trkpt>
      <trkpt lat="38.916" lon="-105.44856">
        <ele>2554.03</ele>
      </trkpt>
      <trkpt lat="38.91603" lon="-105.44826">
        <ele>2553.07</ele>
      </trkpt>
      <trkpt lat="38.91603" lon="-105.44819">
        <ele>2555.93</ele>
      </trkpt>
      <trkpt lat="38.91604" lon="-105.44811">
        <ele>2560.87</ele>
      </trkpt>
      <trkpt lat="38.91605" lon="-105.44802">
        <ele>2564.59</ele>
      </trkpt>
      <trkpt lat="38.91606" lon="-105.44798">
        <ele>2564.59</ele>
      </trkpt>
      <trkpt lat="38.91606" lon="-105.44798">
        <ele>2564.59</ele>
      </trkpt>
      <trkpt lat="38.91606" lon="-105.44793">
        <ele>2564.83</ele>
      </trkpt>
      <trkpt lat="38.91607" lon="-105.4478">
        <ele>2558.81</ele>
      </trkpt>
      <trkpt lat="38.91608" lon="-105.44761">
        <ele>2554.19</ele>
      </trkpt>
      <trkpt lat="38.9161" lon="-105.44746">
        <ele>2550.63</ele>
      </trkpt>
      <trkpt lat="38.9161" lon="-105.4474">
        <ele>2550.63</ele>
      </trkpt>
      <trkpt lat="38.9161" lon="-105.44737">
        <ele>2550.79</ele>
      </trkpt>
      <trkpt lat="38.91613" lon="-105.44716">
        <ele>2551.61</ele>
      </trkpt>
      <trkpt lat="38.91616" lon="-105.44699">
        <ele>2551.31</ele>
      </trkpt>
      <trkpt lat="38.91618" lon="-105.44686">
        <ele>2553.17</ele>
      </trkpt>
      <trkpt lat="38.91618" lon="-105.44684">
        <ele>2553.17</ele>
      </trkpt>
      <trkpt lat="38.9162" lon="-105.44676">
        <ele>2554.15</ele>
      </trkpt>
      <trkpt lat="38.91623" lon="-105.44663">
        <ele>2553.11</ele>
      </trkpt>
      <trkpt lat="38.9163" lon="-105.44645">
        <ele>2552.99</ele>
      </trkpt>
      <trkpt lat="38.91644" lon="-105.44617">
        <ele>2553.03</ele>
      </trkpt>
      <trkpt lat="38.91654" lon="-105.44597">
        <ele>2553.09</ele>
      </trkpt>
      <trkpt lat="38.91658" lon="-105.44585">
        <ele>2551.99</ele>
      </trkpt>
      <trkpt lat="38.91659" lon="-105.44582">
        <ele>2553.13</ele>
      </trkpt>
      <trkpt lat="38.91661" lon="-105.44575">
        <ele>2553.13</ele>
      </trkpt>
      <trkpt lat="38.91665" lon="-105.44562">
        <ele>2552.55</ele>
      </trkpt>
      <trkpt lat="38.9167" lon="-105.44541">
        <ele>2551.39</ele>
      </trkpt>
      <trkpt lat="38.91676" lon="-105.44508">
        <ele>2552.27</ele>
      </trkpt>
      <trkpt lat="38.9168" lon="-105.44485">
        <ele>2554.71</ele>
      </trkpt>
      <trkpt lat="38.91684" lon="-105.44471">
        <ele>2554.21</ele>
      </trkpt>
      <trkpt lat="38.91685" lon="-105.44465">
        <ele>2554.21</ele>
      </trkpt>
      <trkpt lat="38.91694" lon="-105.44439">
        <ele>2553.6</ele>
      </trkpt>
      <trkpt lat="38.91701" lon="-105.44418">
        <ele>2549.08</ele>
      </trkpt>
      <trkpt lat="38.91706" lon="-105.44404">
        <ele>2545.98</ele>
      </trkpt>
      <trkpt lat="38.91716" lon="-105.4438">
        <ele>2542.64</ele>
      </trkpt>
      <trkpt lat="38.91721" lon="-105.44369">
        <ele>2543.18</ele>
      </trkpt>
      <trkpt lat="38.91722" lon="-105.44367">
        <ele>2542.18</ele>
      </trkpt>
      <trkpt lat="38.91722" lon="-105.44367">
        <ele>2542.18</ele>
      </trkpt>
      <trkpt lat="38.91724" lon="-105.4436">
        <ele>2542.46</ele>
      </trkpt>
      <trkpt lat="38.91729" lon="-105.44346">
        <ele>2540.72</ele>
      </trkpt>
      <trkpt lat="38.91731" lon="-105.4434">
        <ele>2540.98</ele>
      </trkpt>
      <trkpt lat="38.91735" lon="-105.44331">
        <ele>2539.06</ele>
      </trkpt>
      <trkpt lat="38.91738" lon="-105.44317">
        <ele>2539.68</ele>
      </trkpt>
      <trkpt lat="38.91741" lon="-105.44304">
        <ele>2540.02</ele>
      </trkpt>
      <trkpt lat="38.91744" lon="-105.44285">
        <ele>2538.56</ele>
      </trkpt>
      <trkpt lat="38.91747" lon="-105.44271">
        <ele>2539.7</ele>
      </trkpt>
      <trkpt lat="38.91749" lon="-105.44257">
        <ele>2539.04</ele>
      </trkpt>
      <trkpt lat="38.91752" lon="-105.4424">
        <ele>2539.82</ele>
      </trkpt>
      <trkpt lat="38.91757" lon="-105.44207">
        <ele>2540.22</ele>
      </trkpt>
      <trkpt lat="38.91762" lon="-105.44168">
        <ele>2539.74</ele>
      </trkpt>
      <trkpt lat="38.91763" lon="-105.44161">
        <ele>2540.0</ele>
      </trkpt>
      <trkpt lat="38.91764" lon="-105.44154">
        <ele>2540.3</ele>
      </trkpt>
      <trkpt lat="38.91765" lon="-105.44147">
        <ele>2540.3</ele>
      </trkpt>
      <trkpt lat="38.91765" lon="-105.44144">
        <ele>2540.68</ele>
      </trkpt>
      <trkpt lat="38.91765" lon="-105.44144">
        <ele>2540.68</ele>
      </trkpt>
      <trkpt lat="38.91766" lon="-105.44137">
        <ele>2541.12</ele>
      </trkpt>
      <trkpt lat="38.91769" lon="-105.44124">
        <ele>2539.6</ele>
      </trkpt>
      <trkpt lat="38.91772" lon="-105.44106">
        <ele>2541.49</ele>
      </trkpt>
      <trkpt lat="38.91772" lon="-105.441">
        <ele>2542.59</ele>
      </trkpt>
      <trkpt lat="38.91775" lon="-105.44088">
        <ele>2543.57</ele>
      </trkpt>
      <trkpt lat="38.91777" lon="-105.44082">
        <ele>2542.69</ele>
      </trkpt>
      <trkpt lat="38.91779" lon="-105.44075">
        <ele>2543.57</ele>
      </trkpt>
      <trkpt lat="38.91785" lon="-105.44061">
        <ele>2542.87</ele>
      </trkpt>
      <trkpt lat="38.9179" lon="-105.4405">
        <ele>2542.83</ele>
      </trkpt>
      <trkpt lat="38.91796" lon="-105.44037">
        <ele>2541.75</ele>
      </trkpt>
      <trkpt lat="38.91796" lon="-105.44037">
        <ele>2541.75</ele>
      </trkpt>
      <trkpt lat="38.91801" lon="-105.44026">
        <ele>2542.21</ele>
      </trkpt>
      <trkpt lat="38.91807" lon="-105.44011">
        <ele>2541.17</ele>
      </trkpt>
      <trkpt lat="38.91813" lon="-105.43989">
        <ele>2539.95</ele>
      </trkpt>
      <trkpt lat="38.91816" lon="-105.43975">
        <ele>2538.19</ele>
      </trkpt>
      <trkpt lat="38.91816" lon="-105.43963">
        <ele>2537.89</ele>
      </trkpt>
      <trkpt lat="38.91816" lon="-105.43951">
        <ele>2537.33</ele>
      </trkpt>
      <trkpt lat="38.91815" lon="-105.43945">
        <ele>2537.03</ele>
      </trkpt>
      <trkpt lat="38.91814" lon="-105.43938">
        <ele>2536.49</ele>
      </trkpt>
      <trkpt lat="38.91813" lon="-105.4393">
        <ele>2536.33</ele>
      </trkpt>
      <trkpt lat="38.91812" lon="-105.43927">
        <ele>2536.33</ele>
      </trkpt>
      <trkpt lat="38.91811" lon="-105.43921">
        <ele>2536.29</ele>
      </trkpt>
      <trkpt lat="38.91808" lon="-105.43909">
        <ele>2536.36</ele>
      </trkpt>
      <trkpt lat="38.91805" lon="-105.43882">
        <ele>2536.28</ele>
      </trkpt>
      <trkpt lat="38.91805" lon="-105.4386">
        <ele>2536.28</ele>
      </trkpt>
      <trkpt lat="38.91806" lon="-105.43847">
        <ele>2536.28</ele>
      </trkpt>
      <trkpt lat="38.91808" lon="-105.43836">
        <ele>2536.27</ele>
      </trkpt>
      <trkpt lat="38.9181" lon="-105.43826">
        <ele>2536.27</ele>
      </trkpt>
      <trkpt lat="38.91814" lon="-105.43815">
        <ele>2536.29</ele>
      </trkpt>
      <trkpt lat="38.91815" lon="-105.43812">
        <ele>2536.29</ele>
      </trkpt>
      <trkpt lat="38.91821" lon="-105.43798">
        <ele>2536.27</ele>
      </trkpt>
      <trkpt lat="38.91831" lon="-105.43779">
        <ele>2536.28</ele>
      </trkpt>
      <trkpt lat="38.91838" lon="-105.43766">
        <ele>2536.59</ele>
      </trkpt>
      <trkpt lat="38.91847" lon="-105.43749">
        <ele>2538.63</ele>
      </trkpt>
      <trkpt lat="38.91858" lon="-105.4373">
        <ele>2535.75</ele>
      </trkpt>
      <trkpt lat="38.91865" lon="-105.4372">
        <ele>2532.89</ele>
      </trkpt>
      <trkpt lat="38.9187" lon="-105.43712">
        <ele>2531.09</ele>
      </trkpt>
      <trkpt lat="38.91889" lon="-105.43681">
        <ele>2528.63</ele>
      </trkpt>
      <trkpt lat="38.91915" lon="-105.43638">
        <ele>2528.3</ele>
      </trkpt>
      <trkpt lat="38.91919" lon="-105.43631">
        <ele>2526.42</ele>
      </trkpt>
      <trkpt lat="38.9192" lon="-105.43629">
        <ele>2527.62</ele>
      </trkpt>
      <trkpt lat="38.91929" lon="-105.43615">
        <ele>2525.52</ele>
      </trkpt>
      <trkpt lat="38.91935" lon="-105.43605">
        <ele>2526.4</ele>
      </trkpt>
      <trkpt lat="38.91942" lon="-105.4359">
        <ele>2525.08</ele>
      </trkpt>
      <trkpt lat="38.91944" lon="-105.43586">
        <ele>2525.64</ele>
      </trkpt>
      <trkpt lat="38.91947" lon="-105.43578">
        <ele>2526.26</ele>
      </trkpt>
      <trkpt lat="38.9195" lon="-105.43568">
        <ele>2525.27</ele>
      </trkpt>
      <trkpt lat="38.91951" lon="-105.43562">
        <ele>2525.27</ele>
      </trkpt>
      <trkpt lat="38.91951" lon="-105.43556">
        <ele>2525.59</ele>
      </trkpt>
      <trkpt lat="38.91953" lon="-105.43547">
        <ele>2525.93</ele>
      </trkpt>
      <trkpt lat="38.91955" lon="-105.43538">
        <ele>2526.35</ele>
      </trkpt>
      <trkpt lat="38.91956" lon="-105.43526">
        <ele>2525.35</ele>
      </trkpt>
      <trkpt lat="38.91956" lon="-105.43519">
        <ele>2525.55</ele>
      </trkpt>
      <trkpt lat="38.91957" lon="-105.43494">
        <ele>2526.13</ele>
      </trkpt>
      <trkpt lat="38.91958" lon="-105.43468">
        <ele>2527.67</ele>
      </trkpt>
      <trkpt lat="38.91958" lon="-105.43463">
        <ele>2528.17</ele>
      </trkpt>
      <trkpt lat="38.91958" lon="-105.43457">
        <ele>2528.55</ele>
      </trkpt>
      <trkpt lat="38.91958" lon="-105.43445">
        <ele>2528.81</ele>
      </trkpt>
      <trkpt lat="38.9196" lon="-105.4343">
        <ele>2529.27</ele>
      </trkpt>
      <trkpt lat="38.91961" lon="-105.4342">
        <ele>2529.69</ele>
      </trkpt>
      <trkpt lat="38.91962" lon="-105.43415">
        <ele>2528.47</ele>
      </trkpt>
      <trkpt lat="38.91963" lon="-105.43411">
        <ele>2528.47</ele>
      </trkpt>
      <trkpt lat="38.91964" lon="-105.43409">
        <ele>2528.47</ele>
      </trkpt>
      <trkpt lat="38.91965" lon="-105.43403">
        <ele>2529.43</ele>
      </trkpt>
      <trkpt lat="38.91968" lon="-105.43395">
        <ele>2530.59</ele>
      </trkpt>
      <trkpt lat="38.91976" lon="-105.43377">
        <ele>2529.81</ele>
      </trkpt>
      <trkpt lat="38.91993" lon="-105.43342">
        <ele>2529.83</ele>
      </trkpt>
      <trkpt lat="38.92003" lon="-105.43321">
        <ele>2528.17</ele>
      </trkpt>
      <trkpt lat="38.92006" lon="-105.43315">
        <ele>2528.17</ele>
      </trkpt>
      <trkpt lat="38.92007" lon="-105.43311">
        <ele>2528.85</ele>
      </trkpt>
      <trkpt lat="38.92009" lon="-105.43308">
        <ele>2527.11</ele>
      </trkpt>
      <trkpt lat="38.92014" lon="-105.43298">
        <ele>2527.79</ele>
      </trkpt>
      <trkpt lat="38.92017" lon="-105.43292">
        <ele>2526.7</ele>
      </trkpt>
      <trkpt lat="38.92024" lon="-105.43269">
        <ele>2527.14</ele>
      </trkpt>
      <trkpt lat="38.92031" lon="-105.43245">
        <ele>2526.82</ele>
      </trkpt>
      <trkpt lat="38.92036" lon="-105.43224">
        <ele>2527.2</ele>
      </trkpt>
      <trkpt lat="38.92041" lon="-105.43205">
        <ele>2528.72</ele>
      </trkpt>
      <trkpt lat="38.92041" lon="-105.43204">
        <ele>2528.72</ele>
      </trkpt>
      <trkpt lat="38.92047" lon="-105.43184">
        <ele>2528.94</ele>
      </trkpt>
      <trkpt lat="38.92055" lon="-105.43154">
        <ele>2528.69</ele>
      </trkpt>
      <trkpt lat="38.92056" lon="-105.43151">
        <ele>2526.85</ele>
      </trkpt>
      <trkpt lat="38.92064" lon="-105.43123">
        <ele>2526.97</ele>
      </trkpt>
      <trkpt lat="38.9207" lon="-105.43096">
        <ele>2527.11</ele>
      </trkpt>
      <trkpt lat="38.92073" lon="-105.43084">
        <ele>2527.75</ele>
      </trkpt>
      <trkpt lat="38.9208" lon="-105.43058">
        <ele>2527.79</ele>
      </trkpt>
      <trkpt lat="38.92089" lon="-105.4303">
        <ele>2525.06</ele>
      </trkpt>
      <trkpt lat="38.92096" lon="-105.43016">
        <ele>2524.72</ele>
      </trkpt>
      <trkpt lat="38.92101" lon="-105.43008">
        <ele>2524.96</ele>
      </trkpt>
      <trkpt lat="38.92105" lon="-105.43002">
        <ele>2527.38</ele>
      </trkpt>
      <trkpt lat="38.92112" lon="-105.42996">
        <ele>2529.96</ele>
      </trkpt>
      <trkpt lat="38.92113" lon="-105.42994">
        <ele>2529.88</ele>
      </trkpt>
      <trkpt lat="38.92121" lon="-105.42988">
        <ele>2531.96</ele>
      </trkpt>
      <trkpt lat="38.92131" lon="-105.4298">
        <ele>2533.58</ele>
      </trkpt>
      <trkpt lat="38.92139" lon="-105.42976">
        <ele>2532.66</ele>
      </trkpt>
      <trkpt lat="38.92151" lon="-105.42972">
        <ele>2533.05</ele>
      </trkpt>
      <trkpt lat="38.92165" lon="-105.4297">
        <ele>2532.83</ele>
      </trkpt>
      <trkpt lat="38.92179" lon="-105.4297">
        <ele>2532.45</ele>
      </trkpt>
      <trkpt lat="38.92189" lon="-105.42971">
        <ele>2532.13</ele>
      </trkpt>
      <trkpt lat="38.92196" lon="-105.42973">
        <ele>2531.0</ele>
      </trkpt>
      <trkpt lat="38.92197" lon="-105.42973">
        <ele>2531.0</ele>
      </trkpt>
      <trkpt lat="38.92206" lon="-105.42977">
        <ele>2530.08</ele>
      </trkpt>
      <trkpt lat="38.9222" lon="-105.42984">
        <ele>2527.62</ele>
      </trkpt>
      <trkpt lat="38.92239" lon="-105.42992">
        <ele>2522.56</ele>
      </trkpt>
      <trkpt lat="38.92248" lon="-105.42996">
        <ele>2522.84</ele>
      </trkpt>
      <trkpt lat="38.92268" lon="-105.43005">
        <ele>2521.55</ele>
      </trkpt>
      <trkpt lat="38.92282" lon="-105.43011">
        <ele>2520.43</ele>
      </trkpt>
      <trkpt lat="38.92291" lon="-105.43014">
        <ele>2520.47</ele>
      </trkpt>
      <trkpt lat="38.92299" lon="-105.43018">
        <ele>2520.15</ele>
      </trkpt>
      <trkpt lat="38.92324" lon="-105.43026">
        <ele>2521.09</ele>
      </trkpt>
      <trkpt lat="38.92347" lon="-105.43034">
        <ele>2522.55</ele>
      </trkpt>
      <trkpt lat="38.92369" lon="-105.43042">
        <ele>2523.23</ele>
      </trkpt>
      <trkpt lat="38.92369" lon="-105.43042">
        <ele>2523.23</ele>
      </trkpt>
      <trkpt lat="38.9238" lon="-105.43047">
        <ele>2523.83</ele>
      </trkpt>
      <trkpt lat="38.92394" lon="-105.43054">
        <ele>2522.29</ele>
      </trkpt>
      <trkpt lat="38.92401" lon="-105.43061">
        <ele>2522.73</ele>
      </trkpt>
      <trkpt lat="38.92417" lon="-105.43076">
        <ele>2521.85</ele>
      </trkpt>
      <trkpt lat="38.92421" lon="-105.43078">
        <ele>2521.85</ele>
      </trkpt>
      <trkpt lat="38.92426" lon="-105.43082">
        <ele>2522.05</ele>
      </trkpt>
      <trkpt lat="38.92433" lon="-105.43085">
        <ele>2521.65</ele>
      </trkpt>
      <trkpt lat="38.9244" lon="-105.43087">
        <ele>2521.57</ele>
      </trkpt>
      <trkpt lat="38.92449" lon="-105.43089">
        <ele>2521.91</ele>
      </trkpt>
      <trkpt lat="38.9245" lon="-105.43089">
        <ele>2522.49</ele>
      </trkpt>
      <trkpt lat="38.92461" lon="-105.43089">
        <ele>2523.15</ele>
      </trkpt>
      <trkpt lat="38.92476" lon="-105.4309">
        <ele>2525.91</ele>
      </trkpt>
      <trkpt lat="38.92487" lon="-105.43088">
        <ele>2527.49</ele>
      </trkpt>
      <trkpt lat="38.92494" lon="-105.43087">
        <ele>2529.03</ele>
      </trkpt>
      <trkpt lat="38.92497" lon="-105.43086">
        <ele>2530.63</ele>
      </trkpt>
      <trkpt lat="38.92503" lon="-105.43083">
        <ele>2532.29</ele>
      </trkpt>
      <trkpt lat="38.9251" lon="-105.43078">
        <ele>2531.93</ele>
      </trkpt>
      <trkpt lat="38.92517" lon="-105.43069">
        <ele>2531.5</ele>
      </trkpt>
      <trkpt lat="38.92522" lon="-105.43061">
        <ele>2529.46</ele>
      </trkpt>
      <trkpt lat="38.92526" lon="-105.43054">
        <ele>2529.06</ele>
      </trkpt>
      <trkpt lat="38.92527" lon="-105.4305">
        <ele>2529.06</ele>
      </trkpt>
      <trkpt lat="38.92529" lon="-105.43046">
        <ele>2527.16</ele>
      </trkpt>
      <trkpt lat="38.92532" lon="-105.43036">
        <ele>2527.18</ele>
      </trkpt>
      <trkpt lat="38.92538" lon="-105.4302">
        <ele>2526.0</ele>
      </trkpt>
      <trkpt lat="38.9254" lon="-105.43014">
        <ele>2526.0</ele>
      </trkpt>
      <trkpt lat="38.92543" lon="-105.43006">
        <ele>2526.76</ele>
      </trkpt>
      <trkpt lat="38.92545" lon="-105.42997">
        <ele>2525.88</ele>
      </trkpt>
      <trkpt lat="38.92546" lon="-105.42989">
        <ele>2525.14</ele>
      </trkpt>
      <trkpt lat="38.92547" lon="-105.42978">
        <ele>2523.92</ele>
      </trkpt>
      <trkpt lat="38.92547" lon="-105.42968">
        <ele>2523.42</ele>
      </trkpt>
      <trkpt lat="38.92546" lon="-105.42957">
        <ele>2522.98</ele>
      </trkpt>
      <trkpt lat="38.92545" lon="-105.42949">
        <ele>2522.67</ele>
      </trkpt>
      <trkpt lat="38.92544" lon="-105.42943">
        <ele>2522.51</ele>
      </trkpt>
      <trkpt lat="38.92544" lon="-105.4294">
        <ele>2522.51</ele>
      </trkpt>
      <trkpt lat="38.92544" lon="-105.42935">
        <ele>2522.45</ele>
      </trkpt>
      <trkpt lat="38.92543" lon="-105.42928">
        <ele>2522.45</ele>
      </trkpt>
      <trkpt lat="38.92543" lon="-105.42917">
        <ele>2522.29</ele>
      </trkpt>
      <trkpt lat="38.92542" lon="-105.42913">
        <ele>2520.97</ele>
      </trkpt>
      <trkpt lat="38.92543" lon="-105.42907">
        <ele>2522.19</ele>
      </trkpt>
      <trkpt lat="38.92543" lon="-105.42884">
        <ele>2521.83</ele>
      </trkpt>
      <trkpt lat="38.92544" lon="-105.42878">
        <ele>2521.57</ele>
      </trkpt>
      <trkpt lat="38.92544" lon="-105.42849">
        <ele>2520.49</ele>
      </trkpt>
      <trkpt lat="38.92543" lon="-105.42844">
        <ele>2520.49</ele>
      </trkpt>
      <trkpt lat="38.92543" lon="-105.42839">
        <ele>2520.39</ele>
      </trkpt>
      <trkpt lat="38.92542" lon="-105.42833">
        <ele>2519.19</ele>
      </trkpt>
      <trkpt lat="38.92541" lon="-105.42826">
        <ele>2519.41</ele>
      </trkpt>
      <trkpt lat="38.9254" lon="-105.42818">
        <ele>2519.83</ele>
      </trkpt>
      <trkpt lat="38.92539" lon="-105.428">
        <ele>2520.53</ele>
      </trkpt>
      <trkpt lat="38.92537" lon="-105.42779">
        <ele>2521.35</ele>
      </trkpt>
      <trkpt lat="38.92536" lon="-105.42773">
        <ele>2519.93</ele>
      </trkpt>
      <trkpt lat="38.92536" lon="-105.42769">
        <ele>2520.03</ele>
      </trkpt>
      <trkpt lat="38.92537" lon="-105.42763">
        <ele>2521.57</ele>
      </trkpt>
      <trkpt lat="38.92537" lon="-105.42753">
        <ele>2521.45</ele>
      </trkpt>
      <trkpt lat="38.92539" lon="-105.42733">
        <ele>2520.66</ele>
      </trkpt>
      <trkpt lat="38.92541" lon="-105.4272">
        <ele>2519.54</ele>
      </trkpt>
      <trkpt lat="38.92542" lon="-105.42712">
        <ele>2518.88</ele>
      </trkpt>
      <trkpt lat="38.92542" lon="-105.42711">
        <ele>2518.88</ele>
      </trkpt>
      <trkpt lat="38.92545" lon="-105.42702">
        <ele>2519.5</ele>
      </trkpt>
      <trkpt lat="38.92548" lon="-105.42692">
        <ele>2518.6</ele>
      </trkpt>
      <trkpt lat="38.9255" lon="-105.42686">
        <ele>2518.98</ele>
      </trkpt>
      <trkpt lat="38.92555" lon="-105.42674">
        <ele>2517.93</ele>
      </trkpt>
      <trkpt lat="38.92562" lon="-105.42661">
        <ele>2518.35</ele>
      </trkpt>
      <trkpt lat="38.9257" lon="-105.42645">
        <ele>2518.84</ele>
      </trkpt>
      <trkpt lat="38.92575" lon="-105.42635">
        <ele>2517.6</ele>
      </trkpt>
      <trkpt lat="38.9258" lon="-105.42624">
        <ele>2516.24</ele>
      </trkpt>
      <trkpt lat="38.92586" lon="-105.42611">
        <ele>2516.12</ele>
      </trkpt>
      <trkpt lat="38.92589" lon="-105.42603">
        <ele>2514.9</ele>
      </trkpt>
      <trkpt lat="38.926" lon="-105.42578">
        <ele>2513.22</ele>
      </trkpt>
      <trkpt lat="38.92615" lon="-105.42546">
        <ele>2511.62</ele>
      </trkpt>
      <trkpt lat="38.92625" lon="-105.42524">
        <ele>2511.39</ele>
      </trkpt>
      <trkpt lat="38.92631" lon="-105.42511">
        <ele>2511.35</ele>
      </trkpt>
      <trkpt lat="38.92632" lon="-105.42509">
        <ele>2511.35</ele>
      </trkpt>
      <trkpt lat="38.92638" lon="-105.42499">
        <ele>2511.29</ele>
      </trkpt>
      <trkpt lat="38.92645" lon="-105.42486">
        <ele>2511.29</ele>
      </trkpt>
      <trkpt lat="38.9265" lon="-105.42477">
        <ele>2511.21</ele>
      </trkpt>
      <trkpt lat="38.92657" lon="-105.42464">
        <ele>2511.15</ele>
      </trkpt>
      <trkpt lat="38.92661" lon="-105.42457">
        <ele>2511.21</ele>
      </trkpt>
      <trkpt lat="38.92671" lon="-105.42443">
        <ele>2511.09</ele>
      </trkpt>
      <trkpt lat="38.9268" lon="-105.42431">
        <ele>2511.06</ele>
      </trkpt>
      <trkpt lat="38.92687" lon="-105.42423">
        <ele>2511.02</ele>
      </trkpt>
      <trkpt lat="38.92688" lon="-105.42422">
        <ele>2511.02</ele>
      </trkpt>
      <trkpt lat="38.92694" lon="-105.42415">
        <ele>2510.96</ele>
      </trkpt>
      <trkpt lat="38.92703" lon="-105.42406">
        <ele>2510.94</ele>
      </trkpt>
      <trkpt lat="38.92705" lon="-105.42403">
        <ele>2510.93</ele>
      </trkpt>
      <trkpt lat="38.92716" lon="-105.42391">
        <ele>2510.95</ele>
      </trkpt>
      <trkpt lat="38.92735" lon="-105.42369">
        <ele>2510.89</ele>
      </trkpt>
      <trkpt lat="38.92748" lon="-105.42354">
        <ele>2511.35</ele>
      </trkpt>
      <trkpt lat="38.92754" lon="-105.42348">
        <ele>2511.47</ele>
      </trkpt>
      <trkpt lat="38.92756" lon="-105.42346">
        <ele>2511.47</ele>
      </trkpt>
      <trkpt lat="38.92761" lon="-105.42339">
        <ele>2511.49</ele>
      </trkpt>
      <trkpt lat="38.9277" lon="-105.42327">
        <ele>2510.91</ele>
      </trkpt>
      <trkpt lat="38.92784" lon="-105.42311">
        <ele>2510.63</ele>
      </trkpt>
      <trkpt lat="38.92791" lon="-105.423">
        <ele>2510.84</ele>
      </trkpt>
      <trkpt lat="38.92798" lon="-105.42285">
        <ele>2510.63</ele>
      </trkpt>
      <trkpt lat="38.92801" lon="-105.42276">
        <ele>2510.89</ele>
      </trkpt>
      <trkpt lat="38.92805" lon="-105.42265">
        <ele>2510.57</ele>
      </trkpt>
      <trkpt lat="38.92806" lon="-105.42258">
        <ele>2510.57</ele>
      </trkpt>
      <trkpt lat="38.92807" lon="-105.42255">
        <ele>2510.67</ele>
      </trkpt>
      <trkpt lat="38.92807" lon="-105.42254">
        <ele>2510.67</ele>
      </trkpt>
      <trkpt lat="38.92809" lon="-105.42246">
        <ele>2510.75</ele>
      </trkpt>
      <trkpt lat="38.92811" lon="-105.42234">
        <ele>2510.15</ele>
      </trkpt>
      <trkpt lat="38.92815" lon="-105.42198">
        <ele>2510.33</ele>
      </trkpt>
      <trkpt lat="38.92816" lon="-105.4219">
        <ele>2510.37</ele>
      </trkpt>
      <trkpt lat="38.9282" lon="-105.4216">
        <ele>2509.85</ele>
      </trkpt>
      <trkpt lat="38.92822" lon="-105.42141">
        <ele>2510.11</ele>
      </trkpt>
      <trkpt lat="38.92823" lon="-105.42131">
        <ele>2510.25</ele>
      </trkpt>
      <trkpt lat="38.92826" lon="-105.42111">
        <ele>2510.06</ele>
      </trkpt>
      <trkpt lat="38.92829" lon="-105.4209">
        <ele>2510.68</ele>
      </trkpt>
      <trkpt lat="38.92838" lon="-105.42064">
        <ele>2509.54</ele>
      </trkpt>
      <trkpt lat="38.92845" lon="-105.42046">
        <ele>2509.39</ele>
      </trkpt>
      <trkpt lat="38.92848" lon="-105.42037">
        <ele>2509.77</ele>
      </trkpt>
      <trkpt lat="38.92851" lon="-105.42032">
        <ele>2509.23</ele>
      </trkpt>
      <trkpt lat="38.92853" lon="-105.42028">
        <ele>2509.23</ele>
      </trkpt>
      <trkpt lat="38.92859" lon="-105.42013">
        <ele>2509.13</ele>
      </trkpt>
      <trkpt lat="38.92877" lon="-105.41976">
        <ele>2508.28</ele>
      </trkpt>
      <trkpt lat="38.92887" lon="-105.41955">
        <ele>2508.8</ele>
      </trkpt>
      <trkpt lat="38.92894" lon="-105.41941">
        <ele>2508.48</ele>
      </trkpt>
      <trkpt lat="38.92897" lon="-105.41934">
        <ele>2508.14</ele>
      </trkpt>
      <trkpt lat="38.92899" lon="-105.41928">
        <ele>2508.58</ele>
      </trkpt>
      <trkpt lat="38.92905" lon="-105.41914">
        <ele>2508.05</ele>
      </trkpt>
      <trkpt lat="38.92911" lon="-105.41896">
        <ele>2508.05</ele>
      </trkpt>
      <trkpt lat="38.92913" lon="-105.41889">
        <ele>2508.05</ele>
      </trkpt>
      <trkpt lat="38.92914" lon="-105.41881">
        <ele>2508.31</ele>
      </trkpt>
      <trkpt lat="38.92915" lon="-105.41877">
        <ele>2508.55</ele>
      </trkpt>
      <trkpt lat="38.92917" lon="-105.41854">
        <ele>2507.57</ele>
      </trkpt>
      <trkpt lat="38.92919" lon="-105.41837">
        <ele>2507.56</ele>
      </trkpt>
      <trkpt lat="38.92919" lon="-105.41827">
        <ele>2507.3</ele>
      </trkpt>
      <trkpt lat="38.92919" lon="-105.41824">
        <ele>2507.3</ele>
      </trkpt>
      <trkpt lat="38.92919" lon="-105.41823">
        <ele>2507.3</ele>
      </trkpt>
      <trkpt lat="38.92919" lon="-105.41818">
        <ele>2507.08</ele>
      </trkpt>
      <trkpt lat="38.92919" lon="-105.41808">
        <ele>2506.82</ele>
      </trkpt>
      <trkpt lat="38.92918" lon="-105.41797">
        <ele>2506.5</ele>
      </trkpt>
      <trkpt lat="38.92915" lon="-105.41777">
        <ele>2507.21</ele>
      </trkpt>
      <trkpt lat="38.9291" lon="-105.41749">
        <ele>2507.41</ele>
      </trkpt>
      <trkpt lat="38.92909" lon="-105.41734">
        <ele>2507.11</ele>
      </trkpt>
      <trkpt lat="38.92908" lon="-105.41721">
        <ele>2506.61</ele>
      </trkpt>
      <trkpt lat="38.92908" lon="-105.4171">
        <ele>2506.41</ele>
      </trkpt>
      <trkpt lat="38.92908" lon="-105.41709">
        <ele>2506.41</ele>
      </trkpt>
      <trkpt lat="38.92909" lon="-105.417">
        <ele>2506.27</ele>
      </trkpt>
      <trkpt lat="38.9291" lon="-105.41689">
        <ele>2506.33</ele>
      </trkpt>
      <trkpt lat="38.9291" lon="-105.41683">
        <ele>2506.33</ele>
      </trkpt>
      <trkpt lat="38.92914" lon="-105.41663">
        <ele>2505.63</ele>
      </trkpt>
      <trkpt lat="38.92914" lon="-105.41658">
        <ele>2505.63</ele>
      </trkpt>
      <trkpt lat="38.92916" lon="-105.41649">
        <ele>2505.93</ele>
      </trkpt>
      <trkpt lat="38.92919" lon="-105.41626">
        <ele>2505.1</ele>
      </trkpt>
      <trkpt lat="38.92921" lon="-105.41615">
        <ele>2505.32</ele>
      </trkpt>
      <trkpt lat="38.92923" lon="-105.41605">
        <ele>2505.68</ele>
      </trkpt>
      <trkpt lat="38.92925" lon="-105.41596">
        <ele>2505.02</ele>
      </trkpt>
      <trkpt lat="38.92925" lon="-105.41594">
        <ele>2505.02</ele>
      </trkpt>
      <trkpt lat="38.92929" lon="-105.41573">
        <ele>2505.74</ele>
      </trkpt>
      <trkpt lat="38.92937" lon="-105.41542">
        <ele>2504.92</ele>
      </trkpt>
      <trkpt lat="38.92937" lon="-105.41541">
        <ele>2504.92</ele>
      </trkpt>
      <trkpt lat="38.92945" lon="-105.41518">
        <ele>2505.42</ele>
      </trkpt>
      <trkpt lat="38.92949" lon="-105.41508">
        <ele>2506.17</ele>
      </trkpt>
      <trkpt lat="38.92953" lon="-105.41498">
        <ele>2505.51</ele>
      </trkpt>
      <trkpt lat="38.92956" lon="-105.41489">
        <ele>2506.39</ele>
      </trkpt>
      <trkpt lat="38.92958" lon="-105.41485">
        <ele>2504.91</ele>
      </trkpt>
      <trkpt lat="38.92963" lon="-105.41475">
        <ele>2506.93</ele>
      </trkpt>
      <trkpt lat="38.92967" lon="-105.41466">
        <ele>2506.43</ele>
      </trkpt>
      <trkpt lat="38.92973" lon="-105.41454">
        <ele>2505.95</ele>
      </trkpt>
      <trkpt lat="38.92984" lon="-105.41437">
        <ele>2505.57</ele>
      </trkpt>
      <trkpt lat="38.92997" lon="-105.41422">
        <ele>2506.01</ele>
      </trkpt>
      <trkpt lat="38.93003" lon="-105.41418">
        <ele>2506.01</ele>
      </trkpt>
      <trkpt lat="38.9301" lon="-105.41414">
        <ele>2506.45</ele>
      </trkpt>
      <trkpt lat="38.93017" lon="-105.4141">
        <ele>2505.73</ele>
      </trkpt>
      <trkpt lat="38.93018" lon="-105.4141">
        <ele>2504.99</ele>
      </trkpt>
      <trkpt lat="38.93024" lon="-105.41408">
        <ele>2504.39</ele>
      </trkpt>
      <trkpt lat="38.93033" lon="-105.41405">
        <ele>2505.49</ele>
      </trkpt>
      <trkpt lat="38.93061" lon="-105.414">
        <ele>2504.97</ele>
      </trkpt>
      <trkpt lat="38.93072" lon="-105.41397">
        <ele>2506.25</ele>
      </trkpt>
      <trkpt lat="38.93086" lon="-105.41394">
        <ele>2505.43</ele>
      </trkpt>
      <trkpt lat="38.93097" lon="-105.41391">
        <ele>2504.85</ele>
      </trkpt>
      <trkpt lat="38.93107" lon="-105.41387">
        <ele>2505.87</ele>
      </trkpt>
      <trkpt lat="38.93107" lon="-105.41387">
        <ele>2505.87</ele>
      </trkpt>
      <trkpt lat="38.93119" lon="-105.41382">
        <ele>2505.29</ele>
      </trkpt>
      <trkpt lat="38.93134" lon="-105.41375">
        <ele>2507.99</ele>
      </trkpt>
      <trkpt lat="38.93143" lon="-105.41368">
        <ele>2510.75</ele>
      </trkpt>
      <trkpt lat="38.93148" lon="-105.41364">
        <ele>2509.29</ele>
      </trkpt>
      <trkpt lat="38.93155" lon="-105.41357">
        <ele>2504.45</ele>
      </trkpt>
      <trkpt lat="38.93163" lon="-105.41345">
        <ele>2503.81</ele>
      </trkpt>
      <trkpt lat="38.93171" lon="-105.41334">
        <ele>2501.73</ele>
      </trkpt>
      <trkpt lat="38.93179" lon="-105.41323">
        <ele>2501.35</ele>
      </trkpt>
      <trkpt lat="38.93179" lon="-105.41323">
        <ele>2501.35</ele>
      </trkpt>
      <trkpt lat="38.93186" lon="-105.41312">
        <ele>2501.83</ele>
      </trkpt>
      <trkpt lat="38.93195" lon="-105.41296">
        <ele>2502.24</ele>
      </trkpt>
      <trkpt lat="38.93212" lon="-105.41266">
        <ele>2500.02</ele>
      </trkpt>
      <trkpt lat="38.93224" lon="-105.41244">
        <ele>2498.98</ele>
      </trkpt>
      <trkpt lat="38.93231" lon="-105.41231">
        <ele>2498.7</ele>
      </trkpt>
      <trkpt lat="38.93232" lon="-105.4123">
        <ele>2498.7</ele>
      </trkpt>
      <trkpt lat="38.93235" lon="-105.41225">
        <ele>2499.06</ele>
      </trkpt>
      <trkpt lat="38.93238" lon="-105.41219">
        <ele>2498.38</ele>
      </trkpt>
      <trkpt lat="38.9325" lon="-105.41199">
        <ele>2498.66</ele>
      </trkpt>
      <trkpt lat="38.93262" lon="-105.4118">
        <ele>2497.6</ele>
      </trkpt>
      <trkpt lat="38.93271" lon="-105.41165">
        <ele>2496.61</ele>
      </trkpt>
      <trkpt lat="38.93279" lon="-105.41151">
        <ele>2495.99</ele>
      </trkpt>
      <trkpt lat="38.93287" lon="-105.41138">
        <ele>2495.99</ele>
      </trkpt>
      <trkpt lat="38.93295" lon="-105.41124">
        <ele>2496.05</ele>
      </trkpt>
      <trkpt lat="38.93311" lon="-105.41098">
        <ele>2494.15</ele>
      </trkpt>
      <trkpt lat="38.93314" lon="-105.41092">
        <ele>2494.15</ele>
      </trkpt>
      <trkpt lat="38.93329" lon="-105.41067">
        <ele>2493.3</ele>
      </trkpt>
      <trkpt lat="38.93337" lon="-105.41053">
        <ele>2493.4</ele>
      </trkpt>
      <trkpt lat="38.9334" lon="-105.41045">
        <ele>2492.26</ele>
      </trkpt>
      <trkpt lat="38.93342" lon="-105.4104">
        <ele>2492.26</ele>
      </trkpt>
      <trkpt lat="38.93348" lon="-105.41025">
        <ele>2491.49</ele>
      </trkpt>
      <trkpt lat="38.93353" lon="-105.41008">
        <ele>2490.27</ele>
      </trkpt>
      <trkpt lat="38.93354" lon="-105.41003">
        <ele>2490.59</ele>
      </trkpt>
      <trkpt lat="38.93354" lon="-105.40995">
        <ele>2490.93</ele>
      </trkpt>
      <trkpt lat="38.93355" lon="-105.4099">
        <ele>2490.93</ele>
      </trkpt>
      <trkpt lat="38.93355" lon="-105.40986">
        <ele>2491.23</ele>
      </trkpt>
      <trkpt lat="38.93356" lon="-105.40979">
        <ele>2491.23</ele>
      </trkpt>
      <trkpt lat="38.93356" lon="-105.40971">
        <ele>2491.51</ele>
      </trkpt>
      <trkpt lat="38.93357" lon="-105.40961">
        <ele>2492.13</ele>
      </trkpt>
      <trkpt lat="38.93357" lon="-105.40956">
        <ele>2492.13</ele>
      </trkpt>
      <trkpt lat="38.93358" lon="-105.40949">
        <ele>2490.21</ele>
      </trkpt>
      <trkpt lat="38.93358" lon="-105.40943">
        <ele>2490.51</ele>
      </trkpt>
      <trkpt lat="38.93359" lon="-105.40939">
        <ele>2490.51</ele>
      </trkpt>
      <trkpt lat="38.93359" lon="-105.40935">
        <ele>2490.81</ele>
      </trkpt>
      <trkpt lat="38.93359" lon="-105.40934">
        <ele>2490.81</ele>
      </trkpt>
      <trkpt lat="38.9336" lon="-105.4093">
        <ele>2490.81</ele>
      </trkpt>
      <trkpt lat="38.93361" lon="-105.40922">
        <ele>2491.17</ele>
      </trkpt>
      <trkpt lat="38.93362" lon="-105.40911">
        <ele>2491.53</ele>
      </trkpt>
      <trkpt lat="38.93362" lon="-105.40903">
        <ele>2491.85</ele>
      </trkpt>
      <trkpt lat="38.93365" lon="-105.40884">
        <ele>2490.51</ele>
      </trkpt>
      <trkpt lat="38.93365" lon="-105.40879">
        <ele>2490.51</ele>
      </trkpt>
      <trkpt lat="38.93371" lon="-105.40843">
        <ele>2490.83</ele>
      </trkpt>
      <trkpt lat="38.93373" lon="-105.40824">
        <ele>2492.35</ele>
      </trkpt>
      <trkpt lat="38.93374" lon="-105.40821">
        <ele>2493.19</ele>
      </trkpt>
      <trkpt lat="38.93374" lon="-105.40821">
        <ele>2493.19</ele>
      </trkpt>
      <trkpt lat="38.93375" lon="-105.40817">
        <ele>2493.19</ele>
      </trkpt>
      <trkpt lat="38.93376" lon="-105.40811">
        <ele>2494.01</ele>
      </trkpt>
      <trkpt lat="38.93378" lon="-105.40799">
        <ele>2491.71</ele>
      </trkpt>
      <trkpt lat="38.93385" lon="-105.40773">
        <ele>2491.75</ele>
      </trkpt>
      <trkpt lat="38.93388" lon="-105.40766">
        <ele>2493.05</ele>
      </trkpt>
      <trkpt lat="38.93397" lon="-105.4074">
        <ele>2494.06</ele>
      </trkpt>
      <trkpt lat="38.93398" lon="-105.40737">
        <ele>2493.1</ele>
      </trkpt>
      <trkpt lat="38.93401" lon="-105.40729">
        <ele>2494.3</ele>
      </trkpt>
      <trkpt lat="38.93404" lon="-105.40722">
        <ele>2494.3</ele>
      </trkpt>
      <trkpt lat="38.93408" lon="-105.40715">
        <ele>2493.86</ele>
      </trkpt>
      <trkpt lat="38.9341" lon="-105.40712">
        <ele>2495.5</ele>
      </trkpt>
      <trkpt lat="38.93419" lon="-105.407">
        <ele>2493.46</ele>
      </trkpt>
      <trkpt lat="38.93431" lon="-105.40686">
        <ele>2493.41</ele>
      </trkpt>
      <trkpt lat="38.93451" lon="-105.40671">
        <ele>2490.63</ele>
      </trkpt>
      <trkpt lat="38.93467" lon="-105.40659">
        <ele>2492.13</ele>
      </trkpt>
      <trkpt lat="38.9348" lon="-105.4065">
        <ele>2491.92</ele>
      </trkpt>
      <trkpt lat="38.93481" lon="-105.40649">
        <ele>2491.92</ele>
      </trkpt>
      <trkpt lat="38.93487" lon="-105.40646">
        <ele>2490.8</ele>
      </trkpt>
      <trkpt lat="38.93496" lon="-105.40642">
        <ele>2490.84</ele>
      </trkpt>
      <trkpt lat="38.93518" lon="-105.40628">
        <ele>2483.94</ele>
      </trkpt>
      <trkpt lat="38.93535" lon="-105.4062">
        <ele>2482.71</ele>
      </trkpt>
      <trkpt lat="38.9355" lon="-105.40613">
        <ele>2483.08</ele>
      </trkpt>
      <trkpt lat="38.93564" lon="-105.40606">
        <ele>2483.42</ele>
      </trkpt>
      <trkpt lat="38.93565" lon="-105.40606">
        <ele>2482.72</ele>
      </trkpt>
      <trkpt lat="38.9358" lon="-105.40599">
        <ele>2482.56</ele>
      </trkpt>
      <trkpt lat="38.93605" lon="-105.40588">
        <ele>2481.42</ele>
      </trkpt>
      <trkpt lat="38.93607" lon="-105.40587">
        <ele>2481.42</ele>
      </trkpt>
      <trkpt lat="38.93631" lon="-105.40576">
        <ele>2481.26</ele>
      </trkpt>
      <trkpt lat="38.9365" lon="-105.40567">
        <ele>2481.68</ele>
      </trkpt>
      <trkpt lat="38.93655" lon="-105.40565">
        <ele>2482.22</ele>
      </trkpt>
      <trkpt lat="38.93671" lon="-105.40561">
        <ele>2482.18</ele>
      </trkpt>
      <trkpt lat="38.9369" lon="-105.40556">
        <ele>2484.98</ele>
      </trkpt>
      <trkpt lat="38.93709" lon="-105.40556">
        <ele>2484.87</ele>
      </trkpt>
      <trkpt lat="38.9372" lon="-105.4056">
        <ele>2485.43</ele>
      </trkpt>
      <trkpt lat="38.93729" lon="-105.40564">
        <ele>2485.93</ele>
      </trkpt>
      <trkpt lat="38.93737" lon="-105.40568">
        <ele>2485.81</ele>
      </trkpt>
      <trkpt lat="38.93749" lon="-105.40574">
        <ele>2485.74</ele>
      </trkpt>
      <trkpt lat="38.93777" lon="-105.40588">
        <ele>2485.26</ele>
      </trkpt>
      <trkpt lat="38.93816" lon="-105.40607">
        <ele>2485.85</ele>
      </trkpt>
      <trkpt lat="38.93821" lon="-105.40609">
        <ele>2486.21</ele>
      </trkpt>
      <trkpt lat="38.93821" lon="-105.40609">
        <ele>2486.21</ele>
      </trkpt>
      <trkpt lat="38.93841" lon="-105.40621">
        <ele>2485.33</ele>
      </trkpt>
      <trkpt lat="38.93853" lon="-105.40627">
        <ele>2484.87</ele>
      </trkpt>
      <trkpt lat="38.93863" lon="-105.4063">
        <ele>2485.15</ele>
      </trkpt>
      <trkpt lat="38.93866" lon="-105.40631">
        <ele>2485.39</ele>
      </trkpt>
      <trkpt lat="38.93878" lon="-105.40634">
        <ele>2485.61</ele>
      </trkpt>
      <trkpt lat="38.93889" lon="-105.40635">
        <ele>2485.95</ele>
      </trkpt>
      <trkpt lat="38.93899" lon="-105.40635">
        <ele>2486.05</ele>
      </trkpt>
      <trkpt lat="38.93908" lon="-105.40635">
        <ele>2486.04</ele>
      </trkpt>
      <trkpt lat="38.93908" lon="-105.40635">
        <ele>2486.04</ele>
      </trkpt>
      <trkpt lat="38.93918" lon="-105.40633">
        <ele>2485.98</ele>
      </trkpt>
      <trkpt lat="38.93929" lon="-105.40631">
        <ele>2485.46</ele>
      </trkpt>
      <trkpt lat="38.93936" lon="-105.40627">
        <ele>2484.98</ele>
      </trkpt>
      <trkpt lat="38.93947" lon="-105.40621">
        <ele>2484.62</ele>
      </trkpt>
      <trkpt lat="38.93952" lon="-105.40617">
        <ele>2484.87</ele>
      </trkpt>
      <trkpt lat="38.93964" lon="-105.40606">
        <ele>2484.96</ele>
      </trkpt>
      <trkpt lat="38.93972" lon="-105.40598">
        <ele>2483.38</ele>
      </trkpt>
      <trkpt lat="38.93978" lon="-105.4059">
        <ele>2484.9</ele>
      </trkpt>
      <trkpt lat="38.93984" lon="-105.4058">
        <ele>2484.76</ele>
      </trkpt>
      <trkpt lat="38.93988" lon="-105.40574">
        <ele>2484.5</ele>
      </trkpt>
      <trkpt lat="38.93998" lon="-105.40558">
        <ele>2484.2</ele>
      </trkpt>
      <trkpt lat="38.9401" lon="-105.4054">
        <ele>2486.12</ele>
      </trkpt>
      <trkpt lat="38.94019" lon="-105.40528">
        <ele>2483.71</ele>
      </trkpt>
      <trkpt lat="38.94031" lon="-105.40512">
        <ele>2484.91</ele>
      </trkpt>
      <trkpt lat="38.94039" lon="-105.405">
        <ele>2482.57</ele>
      </trkpt>
      <trkpt lat="38.94043" lon="-105.40493">
        <ele>2483.41</ele>
      </trkpt>
      <trkpt lat="38.94046" lon="-105.40489">
        <ele>2482.73</ele>
      </trkpt>
      <trkpt lat="38.94055" lon="-105.40476">
        <ele>2482.18</ele>
      </trkpt>
      <trkpt lat="38.94066" lon="-105.4046">
        <ele>2480.87</ele>
      </trkpt>
      <trkpt lat="38.94073" lon="-105.4045">
        <ele>2480.17</ele>
      </trkpt>
      <trkpt lat="38.94077" lon="-105.40445">
        <ele>2480.79</ele>
      </trkpt>
      <trkpt lat="38.94083" lon="-105.40439">
        <ele>2479.53</ele>
      </trkpt>
      <trkpt lat="38.94092" lon="-105.4043">
        <ele>2478.67</ele>
      </trkpt>
      <trkpt lat="38.94099" lon="-105.40425">
        <ele>2478.83</ele>
      </trkpt>
      <trkpt lat="38.94104" lon="-105.4042">
        <ele>2478.65</ele>
      </trkpt>
      <trkpt lat="38.94109" lon="-105.40417">
        <ele>2479.21</ele>
      </trkpt>
      <trkpt lat="38.94114" lon="-105.40414">
        <ele>2480.45</ele>
      </trkpt>
      <trkpt lat="38.94129" lon="-105.40403">
        <ele>2481.09</ele>
      </trkpt>
      <trkpt lat="38.94147" lon="-105.40391">
        <ele>2483.95</ele>
      </trkpt>
      <trkpt lat="38.94151" lon="-105.40388">
        <ele>2483.95</ele>
      </trkpt>
      <trkpt lat="38.94165" lon="-105.40375">
        <ele>2483.53</ele>
      </trkpt>
      <trkpt lat="38.94177" lon="-105.40364">
        <ele>2484.28</ele>
      </trkpt>
      <trkpt lat="38.94184" lon="-105.40356">
        <ele>2483.92</ele>
      </trkpt>
      <trkpt lat="38.94185" lon="-105.40355">
        <ele>2483.92</ele>
      </trkpt>
      <trkpt lat="38.94189" lon="-105.4035">
        <ele>2483.68</ele>
      </trkpt>
      <trkpt lat="38.94196" lon="-105.40342">
        <ele>2483.5</ele>
      </trkpt>
      <trkpt lat="38.94202" lon="-105.40334">
        <ele>2483.42</ele>
      </trkpt>
      <trkpt lat="38.94207" lon="-105.40324">
        <ele>2483.44</ele>
      </trkpt>
      <trkpt lat="38.94211" lon="-105.40317">
        <ele>2482.62</ele>
      </trkpt>
      <trkpt lat="38.94214" lon="-105.40309">
        <ele>2483.5</ele>
      </trkpt>
      <trkpt lat="38.94217" lon="-105.40296">
        <ele>2482.32</ele>
      </trkpt>
      <trkpt lat="38.9422" lon="-105.40275">
        <ele>2483.4</ele>
      </trkpt>
      <trkpt lat="38.94221" lon="-105.40261">
        <ele>2483.74</ele>
      </trkpt>
      <trkpt lat="38.94221" lon="-105.40254">
        <ele>2483.84</ele>
      </trkpt>
      <trkpt lat="38.94221" lon="-105.40253">
        <ele>2483.84</ele>
      </trkpt>
      <trkpt lat="38.94222" lon="-105.4024">
        <ele>2483.7</ele>
      </trkpt>
      <trkpt lat="38.94222" lon="-105.40223">
        <ele>2483.28</ele>
      </trkpt>
      <trkpt lat="38.94221" lon="-105.40211">
        <ele>2483.0</ele>
      </trkpt>
      <trkpt lat="38.94221" lon="-105.40196">
        <ele>2482.52</ele>
      </trkpt>
      <trkpt lat="38.94221" lon="-105.40192">
        <ele>2482.52</ele>
      </trkpt>
      <trkpt lat="38.9422" lon="-105.40181">
        <ele>2482.44</ele>
      </trkpt>
      <trkpt lat="38.9422" lon="-105.40159">
        <ele>2482.98</ele>
      </trkpt>
      <trkpt lat="38.94219" lon="-105.40152">
        <ele>2483.26</ele>
      </trkpt>
      <trkpt lat="38.94219" lon="-105.40146">
        <ele>2483.26</ele>
      </trkpt>
      <trkpt lat="38.94219" lon="-105.40139">
        <ele>2483.42</ele>
      </trkpt>
      <trkpt lat="38.94219" lon="-105.40139">
        <ele>2483.42</ele>
      </trkpt>
      <trkpt lat="38.94218" lon="-105.40118">
        <ele>2481.03</ele>
      </trkpt>
      <trkpt lat="38.94218" lon="-105.40085">
        <ele>2480.51</ele>
      </trkpt>
      <trkpt lat="38.94217" lon="-105.40075">
        <ele>2480.45</ele>
      </trkpt>
      <trkpt lat="38.94217" lon="-105.40068">
        <ele>2480.4</ele>
      </trkpt>
      <trkpt lat="38.94216" lon="-105.40061">
        <ele>2480.4</ele>
      </trkpt>
      <trkpt lat="38.94215" lon="-105.40047">
        <ele>2480.38</ele>
      </trkpt>
      <trkpt lat="38.94214" lon="-105.40034">
        <ele>2480.5</ele>
      </trkpt>
      <trkpt lat="38.94213" lon="-105.40024">
        <ele>2480.52</ele>
      </trkpt>
      <trkpt lat="38.94211" lon="-105.40012">
        <ele>2479.08</ele>
      </trkpt>
      <trkpt lat="38.94207" lon="-105.39983">
        <ele>2476.33</ele>
      </trkpt>
      <trkpt lat="38.942" lon="-105.39944">
        <ele>2475.29</ele>
      </trkpt>
      <trkpt lat="38.94195" lon="-105.3992">
        <ele>2475.19</ele>
      </trkpt>
      <trkpt lat="38.94194" lon="-105.39911">
        <ele>2475.21</ele>
      </trkpt>
      <trkpt lat="38.94192" lon="-105.39896">
        <ele>2474.89</ele>
      </trkpt>
      <trkpt lat="38.9419" lon="-105.39872">
        <ele>2474.85</ele>
      </trkpt>
      <trkpt lat="38.94189" lon="-105.39854">
        <ele>2474.69</ele>
      </trkpt>
      <trkpt lat="38.94188" lon="-105.39848">
        <ele>2474.69</ele>
      </trkpt>
      <trkpt lat="38.94188" lon="-105.39829">
        <ele>2474.57</ele>
      </trkpt>
      <trkpt lat="38.94187" lon="-105.39813">
        <ele>2474.57</ele>
      </trkpt>
      <trkpt lat="38.94187" lon="-105.39798">
        <ele>2474.61</ele>
      </trkpt>
      <trkpt lat="38.94187" lon="-105.39796">
        <ele>2474.61</ele>
      </trkpt>
      <trkpt lat="38.94187" lon="-105.39787">
        <ele>2474.63</ele>
      </trkpt>
      <trkpt lat="38.94188" lon="-105.3977">
        <ele>2474.65</ele>
      </trkpt>
      <trkpt lat="38.94188" lon="-105.39736">
        <ele>2474.57</ele>
      </trkpt>
      <trkpt lat="38.94189" lon="-105.39708">
        <ele>2474.42</ele>
      </trkpt>
      <trkpt lat="38.94189" lon="-105.39694">
        <ele>2474.38</ele>
      </trkpt>
      <trkpt lat="38.9419" lon="-105.39688">
        <ele>2474.34</ele>
      </trkpt>
      <trkpt lat="38.9419" lon="-105.39685">
        <ele>2474.34</ele>
      </trkpt>
      <trkpt lat="38.9419" lon="-105.39684">
        <ele>2474.34</ele>
      </trkpt>
      <trkpt lat="38.9419" lon="-105.39681">
        <ele>2474.3</ele>
      </trkpt>
      <trkpt lat="38.94191" lon="-105.3967">
        <ele>2474.28</ele>
      </trkpt>
      <trkpt lat="38.94191" lon="-105.39655">
        <ele>2474.22</ele>
      </trkpt>
      <trkpt lat="38.94192" lon="-105.39637">
        <ele>2474.14</ele>
      </trkpt>
      <trkpt lat="38.94192" lon="-105.39609">
        <ele>2473.94</ele>
      </trkpt>
      <trkpt lat="38.94193" lon="-105.39586">
        <ele>2474.39</ele>
      </trkpt>
      <trkpt lat="38.94193" lon="-105.39571">
        <ele>2474.35</ele>
      </trkpt>
      <trkpt lat="38.94193" lon="-105.39566">
        <ele>2474.31</ele>
      </trkpt>
      <trkpt lat="38.94193" lon="-105.39559">
        <ele>2474.25</ele>
      </trkpt>
      <trkpt lat="38.94194" lon="-105.39545">
        <ele>2474.09</ele>
      </trkpt>
      <trkpt lat="38.94195" lon="-105.39528">
        <ele>2473.93</ele>
      </trkpt>
      <trkpt lat="38.94198" lon="-105.39515">
        <ele>2473.56</ele>
      </trkpt>
      <trkpt lat="38.942" lon="-105.39509">
        <ele>2473.9</ele>
      </trkpt>
      <trkpt lat="38.94201" lon="-105.39506">
        <ele>2473.9</ele>
      </trkpt>
      <trkpt lat="38.94204" lon="-105.39498">
        <ele>2473.68</ele>
      </trkpt>
      <trkpt lat="38.94208" lon="-105.3949">
        <ele>2473.88</ele>
      </trkpt>
      <trkpt lat="38.94212" lon="-105.39484">
        <ele>2473.54</ele>
      </trkpt>
      <trkpt lat="38.94218" lon="-105.39477">
        <ele>2474.06</ele>
      </trkpt>
      <trkpt lat="38.94224" lon="-105.3947">
        <ele>2474.14</ele>
      </trkpt>
      <trkpt lat="38.94228" lon="-105.39466">
        <ele>2474.14</ele>
      </trkpt>
      <trkpt lat="38.94236" lon="-105.39457">
        <ele>2474.08</ele>
      </trkpt>
      <trkpt lat="38.94253" lon="-105.39441">
        <ele>2474.18</ele>
      </trkpt>
      <trkpt lat="38.94273" lon="-105.39424">
        <ele>2474.28</ele>
      </trkpt>
      <trkpt lat="38.94286" lon="-105.39412">
        <ele>2474.6</ele>
      </trkpt>
      <trkpt lat="38.94295" lon="-105.39403">
        <ele>2474.24</ele>
      </trkpt>
      <trkpt lat="38.94301" lon="-105.39398">
        <ele>2474.0</ele>
      </trkpt>
      <trkpt lat="38.94322" lon="-105.39378">
        <ele>2473.53</ele>
      </trkpt>
      <trkpt lat="38.94348" lon="-105.39354">
        <ele>2472.87</ele>
      </trkpt>
      <trkpt lat="38.94374" lon="-105.39329">
        <ele>2472.19</ele>
      </trkpt>
      <trkpt lat="38.94374" lon="-105.39329">
        <ele>2472.19</ele>
      </trkpt>
      <trkpt lat="38.94387" lon="-105.39318">
        <ele>2472.18</ele>
      </trkpt>
      <trkpt lat="38.94398" lon="-105.39307">
        <ele>2472.0</ele>
      </trkpt>
      <trkpt lat="38.94404" lon="-105.39302">
        <ele>2471.84</ele>
      </trkpt>
      <trkpt lat="38.9441" lon="-105.39296">
        <ele>2471.72</ele>
      </trkpt>
      <trkpt lat="38.94424" lon="-105.39282">
        <ele>2471.94</ele>
      </trkpt>
      <trkpt lat="38.94439" lon="-105.39268">
        <ele>2471.94</ele>
      </trkpt>
      <trkpt lat="38.94446" lon="-105.39261">
        <ele>2472.7</ele>
      </trkpt>
      <trkpt lat="38.94447" lon="-105.3926">
        <ele>2472.7</ele>
      </trkpt>
      <trkpt lat="38.94454" lon="-105.39253">
        <ele>2472.62</ele>
      </trkpt>
      <trkpt lat="38.94464" lon="-105.39244">
        <ele>2472.45</ele>
      </trkpt>
      <trkpt lat="38.94472" lon="-105.39235">
        <ele>2472.29</ele>
      </trkpt>
      <trkpt lat="38.94492" lon="-105.39217">
        <ele>2472.77</ele>
      </trkpt>
      <trkpt lat="38.94504" lon="-105.3921">
        <ele>2473.03</ele>
      </trkpt>
      <trkpt lat="38.94514" lon="-105.39205">
        <ele>2474.09</ele>
      </trkpt>
      <trkpt lat="38.94522" lon="-105.39201">
        <ele>2473.13</ele>
      </trkpt>
      <trkpt lat="38.94523" lon="-105.39201">
        <ele>2473.13</ele>
      </trkpt>
      <trkpt lat="38.94537" lon="-105.39195">
        <ele>2473.81</ele>
      </trkpt>
      <trkpt lat="38.94558" lon="-105.39187">
        <ele>2473.1</ele>
      </trkpt>
      <trkpt lat="38.94572" lon="-105.39182">
        <ele>2471.76</ele>
      </trkpt>
      <trkpt lat="38.94584" lon="-105.3918">
        <ele>2471.84</ele>
      </trkpt>
      <trkpt lat="38.94592" lon="-105.3918">
        <ele>2471.72</ele>
      </trkpt>
      <trkpt lat="38.94598" lon="-105.39181">
        <ele>2471.52</ele>
      </trkpt>
      <trkpt lat="38.94604" lon="-105.39182">
        <ele>2471.22</ele>
      </trkpt>
      <trkpt lat="38.9461" lon="-105.39184">
        <ele>2470.89</ele>
      </trkpt>
      <trkpt lat="38.94611" lon="-105.39184">
        <ele>2470.89</ele>
      </trkpt>
      <trkpt lat="38.94618" lon="-105.39187">
        <ele>2472.0</ele>
      </trkpt>
      <trkpt lat="38.94627" lon="-105.39191">
        <ele>2470.91</ele>
      </trkpt>
      <trkpt lat="38.94652" lon="-105.39204">
        <ele>2472.19</ele>
      </trkpt>
      <trkpt lat="38.94668" lon="-105.39213">
        <ele>2471.24</ele>
      </trkpt>
      <trkpt lat="38.94678" lon="-105.39219">
        <ele>2471.92</ele>
      </trkpt>
      <trkpt lat="38.94687" lon="-105.39225">
        <ele>2470.4</ele>
      </trkpt>
      <trkpt lat="38.94693" lon="-105.39229">
        <ele>2471.16</ele>
      </trkpt>
      <trkpt lat="38.94698" lon="-105.39233">
        <ele>2471.16</ele>
      </trkpt>
      <trkpt lat="38.94711" lon="-105.3924">
        <ele>2471.6</ele>
      </trkpt>
      <trkpt lat="38.94725" lon="-105.39248">
        <ele>2472.1</ele>
      </trkpt>
      <trkpt lat="38.94731" lon="-105.39251">
        <ele>2471.48</ele>
      </trkpt>
      <trkpt lat="38.94739" lon="-105.39253">
        <ele>2470.94</ele>
      </trkpt>
      <trkpt lat="38.94754" lon="-105.39257">
        <ele>2471.36</ele>
      </trkpt>
      <trkpt lat="38.94765" lon="-105.39259">
        <ele>2471.22</ele>
      </trkpt>
      <trkpt lat="38.94774" lon="-105.3926">
        <ele>2471.12</ele>
      </trkpt>
      <trkpt lat="38.94778" lon="-105.3926">
        <ele>2471.12</ele>
      </trkpt>
      <trkpt lat="38.94784" lon="-105.3926">
        <ele>2471.16</ele>
      </trkpt>
      <trkpt lat="38.94813" lon="-105.39258">
        <ele>2471.82</ele>
      </trkpt>
      <trkpt lat="38.94863" lon="-105.39253">
        <ele>2470.54</ele>
      </trkpt>
      <trkpt lat="38.94868" lon="-105.39252">
        <ele>2470.56</ele>
      </trkpt>
      <trkpt lat="38.94869" lon="-105.39252">
        <ele>2470.56</ele>
      </trkpt>
      <trkpt lat="38.94913" lon="-105.39247">
        <ele>2470.24</ele>
      </trkpt>
      <trkpt lat="38.94915" lon="-105.39247">
        <ele>2470.24</ele>
      </trkpt>
      <trkpt lat="38.94934" lon="-105.39246">
        <ele>2470.16</ele>
      </trkpt>
      <trkpt lat="38.94948" lon="-105.39244">
        <ele>2468.89</ele>
      </trkpt>
      <trkpt lat="38.94958" lon="-105.39243">
        <ele>2468.99</ele>
      </trkpt>
      <trkpt lat="38.94962" lon="-105.39242">
        <ele>2469.11</ele>
      </trkpt>
      <trkpt lat="38.94973" lon="-105.39241">
        <ele>2469.21</ele>
      </trkpt>
      <trkpt lat="38.94985" lon="-105.3924">
        <ele>2469.38</ele>
      </trkpt>
      <trkpt lat="38.94992" lon="-105.39239">
        <ele>2469.5</ele>
      </trkpt>
      <trkpt lat="38.95005" lon="-105.39239">
        <ele>2469.72</ele>
      </trkpt>
      <trkpt lat="38.95011" lon="-105.39238">
        <ele>2469.86</ele>
      </trkpt>
      <trkpt lat="38.95023" lon="-105.39238">
        <ele>2470.2</ele>
      </trkpt>
      <trkpt lat="38.95035" lon="-105.39236">
        <ele>2469.09</ele>
      </trkpt>
      <trkpt lat="38.95044" lon="-105.39236">
        <ele>2469.39</ele>
      </trkpt>
      <trkpt lat="38.95048" lon="-105.39235">
        <ele>2469.69</ele>
      </trkpt>
      <trkpt lat="38.95054" lon="-105.39234">
        <ele>2470.05</ele>
      </trkpt>
      <trkpt lat="38.95064" lon="-105.39231">
        <ele>2470.49</ele>
      </trkpt>
      <trkpt lat="38.95077" lon="-105.39227">
        <ele>2470.29</ele>
      </trkpt>
      <trkpt lat="38.95093" lon="-105.39219">
        <ele>2471.71</ele>
      </trkpt>
      <trkpt lat="38.95103" lon="-105.39211">
        <ele>2472.19</ele>
      </trkpt>
      <trkpt lat="38.9511" lon="-105.39205">
        <ele>2471.77</ele>
      </trkpt>
      <trkpt lat="38.95116" lon="-105.39199">
        <ele>2471.21</ele>
      </trkpt>
      <trkpt lat="38.95121" lon="-105.39192">
        <ele>2470.61</ele>
      </trkpt>
      <trkpt lat="38.95126" lon="-105.39184">
        <ele>2468.39</ele>
      </trkpt>
      <trkpt lat="38.95131" lon="-105.39177">
        <ele>2470.03</ele>
      </trkpt>
      <trkpt lat="38.95143" lon="-105.39155">
        <ele>2466.51</ele>
      </trkpt>
      <trkpt lat="38.95152" lon="-105.39137">
        <ele>2465.11</ele>
      </trkpt>
      <trkpt lat="38.95159" lon="-105.39122">
        <ele>2465.01</ele>
      </trkpt>
      <trkpt lat="38.95164" lon="-105.39113">
        <ele>2465.01</ele>
      </trkpt>
      <trkpt lat="38.9517" lon="-105.39102">
        <ele>2464.98</ele>
      </trkpt>
      <trkpt lat="38.95174" lon="-105.39095">
        <ele>2464.92</ele>
      </trkpt>
      <trkpt lat="38.95177" lon="-105.3909">
        <ele>2465.5</ele>
      </trkpt>
      <trkpt lat="38.95177" lon="-105.3909">
        <ele>2465.5</ele>
      </trkpt>
      <trkpt lat="38.95179" lon="-105.39087">
        <ele>2465.5</ele>
      </trkpt>
      <trkpt lat="38.95186" lon="-105.39074">
        <ele>2465.34</ele>
      </trkpt>
      <trkpt lat="38.95195" lon="-105.39055">
        <ele>2466.52</ele>
      </trkpt>
      <trkpt lat="38.95206" lon="-105.39035">
        <ele>2468.55</ele>
      </trkpt>
      <trkpt lat="38.95213" lon="-105.39025">
        <ele>2468.47</ele>
      </trkpt>
      <trkpt lat="38.95225" lon="-105.3901">
        <ele>2468.21</ele>
      </trkpt>
      <trkpt lat="38.95229" lon="-105.39006">
        <ele>2466.45</ele>
      </trkpt>
      <trkpt lat="38.95232" lon="-105.39002">
        <ele>2468.19</ele>
      </trkpt>
      <trkpt lat="38.95234" lon="-105.39">
        <ele>2466.49</ele>
      </trkpt>
      <trkpt lat="38.95236" lon="-105.38998">
        <ele>2466.49</ele>
      </trkpt>
      <trkpt lat="38.95252" lon="-105.38982">
        <ele>2467.0</ele>
      </trkpt>
      <trkpt lat="38.95283" lon="-105.38954">
        <ele>2467.26</ele>
      </trkpt>
      <trkpt lat="38.95294" lon="-105.38946">
        <ele>2467.33</ele>
      </trkpt>
      <trkpt lat="38.953" lon="-105.38943">
        <ele>2469.07</ele>
      </trkpt>
      <trkpt lat="38.95306" lon="-105.38941">
        <ele>2468.47</ele>
      </trkpt>
      <trkpt lat="38.95309" lon="-105.3894">
        <ele>2468.07</ele>
      </trkpt>
      <trkpt lat="38.95311" lon="-105.38939">
        <ele>2468.07</ele>
      </trkpt>
      <trkpt lat="38.9532" lon="-105.38938">
        <ele>2467.85</ele>
      </trkpt>
      <trkpt lat="38.95331" lon="-105.38938">
        <ele>2467.87</ele>
      </trkpt>
      <trkpt lat="38.9534" lon="-105.38939">
        <ele>2468.09</ele>
      </trkpt>
      <trkpt lat="38.95346" lon="-105.3894">
        <ele>2468.39</ele>
      </trkpt>
      <trkpt lat="38.95354" lon="-105.38943">
        <ele>2469.06</ele>
      </trkpt>
      <trkpt lat="38.9537" lon="-105.38948">
        <ele>2467.14</ele>
      </trkpt>
      <trkpt lat="38.95381" lon="-105.38951">
        <ele>2467.46</ele>
      </trkpt>
      <trkpt lat="38.95391" lon="-105.38953">
        <ele>2465.48</ele>
      </trkpt>
      <trkpt lat="38.95398" lon="-105.38954">
        <ele>2465.68</ele>
      </trkpt>
      <trkpt lat="38.95408" lon="-105.38956">
        <ele>2466.19</ele>
      </trkpt>
      <trkpt lat="38.95424" lon="-105.38958">
        <ele>2466.45</ele>
      </trkpt>
      <trkpt lat="38.95441" lon="-105.38961">
        <ele>2466.73</ele>
      </trkpt>
      <trkpt lat="38.95459" lon="-105.38961">
        <ele>2466.65</ele>
      </trkpt>
      <trkpt lat="38.9547" lon="-105.38959">
        <ele>2466.33</ele>
      </trkpt>
      <trkpt lat="38.9548" lon="-105.38957">
        <ele>2466.15</ele>
      </trkpt>
      <trkpt lat="38.95487" lon="-105.38955">
        <ele>2465.93</ele>
      </trkpt>
      <trkpt lat="38.95492" lon="-105.38953">
        <ele>2465.71</ele>
      </trkpt>
      <trkpt lat="38.95505" lon="-105.3895">
        <ele>2467.53</ele>
      </trkpt>
      <trkpt lat="38.95519" lon="-105.38945">
        <ele>2467.13</ele>
      </trkpt>
      <trkpt lat="38.95528" lon="-105.38943">
        <ele>2468.97</ele>
      </trkpt>
      <trkpt lat="38.95543" lon="-105.38939">
        <ele>2468.61</ele>
      </trkpt>
      <trkpt lat="38.9556" lon="-105.38939">
        <ele>2468.13</ele>
      </trkpt>
      <trkpt lat="38.95571" lon="-105.38941">
        <ele>2466.53</ele>
      </trkpt>
      <trkpt lat="38.95576" lon="-105.38942">
        <ele>2465.19</ele>
      </trkpt>
      <trkpt lat="38.95577" lon="-105.38942">
        <ele>2465.19</ele>
      </trkpt>
      <trkpt lat="38.95583" lon="-105.38945">
        <ele>2463.21</ele>
      </trkpt>
      <trkpt lat="38.9559" lon="-105.38948">
        <ele>2462.65</ele>
      </trkpt>
      <trkpt lat="38.95617" lon="-105.38962">
        <ele>2461.49</ele>
      </trkpt>
      <trkpt lat="38.95618" lon="-105.38963">
        <ele>2461.49</ele>
      </trkpt>
      <trkpt lat="38.95639" lon="-105.38976">
        <ele>2461.49</ele>
      </trkpt>
      <trkpt lat="38.95648" lon="-105.3898">
        <ele>2461.39</ele>
      </trkpt>
      <trkpt lat="38.95655" lon="-105.38983">
        <ele>2461.45</ele>
      </trkpt>
      <trkpt lat="38.9566" lon="-105.38984">
        <ele>2461.45</ele>
      </trkpt>
      <trkpt lat="38.95665" lon="-105.38986">
        <ele>2461.53</ele>
      </trkpt>
      <trkpt lat="38.95675" lon="-105.38988">
        <ele>2461.06</ele>
      </trkpt>
      <trkpt lat="38.95687" lon="-105.3899">
        <ele>2461.02</ele>
      </trkpt>
      <trkpt lat="38.9571" lon="-105.3899">
        <ele>2460.86</ele>
      </trkpt>
      <trkpt lat="38.9572" lon="-105.38989">
        <ele>2460.82</ele>
      </trkpt>
      <trkpt lat="38.95729" lon="-105.38986">
        <ele>2461.03</ele>
      </trkpt>
      <trkpt lat="38.95734" lon="-105.38984">
        <ele>2460.75</ele>
      </trkpt>
      <trkpt lat="38.9574" lon="-105.38981">
        <ele>2460.75</ele>
      </trkpt>
      <trkpt lat="38.95744" lon="-105.38978">
        <ele>2460.93</ele>
      </trkpt>
      <trkpt lat="38.95747" lon="-105.38975">
        <ele>2460.93</ele>
      </trkpt>
      <trkpt lat="38.95748" lon="-105.38974">
        <ele>2460.53</ele>
      </trkpt>
      <trkpt lat="38.95754" lon="-105.38969">
        <ele>2461.03</ele>
      </trkpt>
      <trkpt lat="38.95761" lon="-105.38962">
        <ele>2460.25</ele>
      </trkpt>
      <trkpt lat="38.95768" lon="-105.38956">
        <ele>2460.24</ele>
      </trkpt>
      <trkpt lat="38.95783" lon="-105.38938">
        <ele>2459.84</ele>
      </trkpt>
      <trkpt lat="38.95797" lon="-105.38918">
        <ele>2459.32</ele>
      </trkpt>
      <trkpt lat="38.95806" lon="-105.38903">
        <ele>2459.2</ele>
      </trkpt>
      <trkpt lat="38.9581" lon="-105.38895">
        <ele>2459.07</ele>
      </trkpt>
      <trkpt lat="38.95815" lon="-105.38886">
        <ele>2458.91</ele>
      </trkpt>
      <trkpt lat="38.95824" lon="-105.38866">
        <ele>2459.59</ele>
      </trkpt>
      <trkpt lat="38.95833" lon="-105.38845">
        <ele>2459.91</ele>
      </trkpt>
      <trkpt lat="38.95835" lon="-105.3884">
        <ele>2459.77</ele>
      </trkpt>
      <trkpt lat="38.95838" lon="-105.38831">
        <ele>2460.03</ele>
      </trkpt>
      <trkpt lat="38.95843" lon="-105.38812">
        <ele>2460.07</ele>
      </trkpt>
      <trkpt lat="38.95846" lon="-105.38798">
        <ele>2460.41</ele>
      </trkpt>
      <trkpt lat="38.95848" lon="-105.3879">
        <ele>2459.85</ele>
      </trkpt>
      <trkpt lat="38.95849" lon="-105.38784">
        <ele>2459.99</ele>
      </trkpt>
      <trkpt lat="38.95853" lon="-105.38763">
        <ele>2460.38</ele>
      </trkpt>
      <trkpt lat="38.95857" lon="-105.38734">
        <ele>2460.04</ele>
      </trkpt>
      <trkpt lat="38.95857" lon="-105.38714">
        <ele>2459.98</ele>
      </trkpt>
      <trkpt lat="38.95858" lon="-105.38702">
        <ele>2459.84</ele>
      </trkpt>
      <trkpt lat="38.95858" lon="-105.3869">
        <ele>2459.8</ele>
      </trkpt>
      <trkpt lat="38.95857" lon="-105.38676">
        <ele>2459.76</ele>
      </trkpt>
      <trkpt lat="38.95856" lon="-105.38669">
        <ele>2459.72</ele>
      </trkpt>
      <trkpt lat="38.9585" lon="-105.38631">
        <ele>2459.72</ele>
      </trkpt>
      <trkpt lat="38.9584" lon="-105.3857">
        <ele>2459.38</ele>
      </trkpt>
      <trkpt lat="38.95838" lon="-105.38566">
        <ele>2459.26</ele>
      </trkpt>
      <trkpt lat="38.95838" lon="-105.38564">
        <ele>2459.26</ele>
      </trkpt>
      <trkpt lat="38.95832" lon="-105.38533">
        <ele>2459.05</ele>
      </trkpt>
      <trkpt lat="38.95826" lon="-105.38508">
        <ele>2458.99</ele>
      </trkpt>
      <trkpt lat="38.95825" lon="-105.38502">
        <ele>2458.75</ele>
      </trkpt>
      <trkpt lat="38.95821" lon="-105.38479">
        <ele>2457.97</ele>
      </trkpt>
      <trkpt lat="38.95817" lon="-105.38462">
        <ele>2457.69</ele>
      </trkpt>
      <trkpt lat="38.95815" lon="-105.38452">
        <ele>2457.21</ele>
      </trkpt>
      <trkpt lat="38.95814" lon="-105.38448">
        <ele>2457.77</ele>
      </trkpt>
      <trkpt lat="38.95812" lon="-105.3844">
        <ele>2457.21</ele>
      </trkpt>
      <trkpt lat="38.95811" lon="-105.38431">
        <ele>2456.59</ele>
      </trkpt>
      <trkpt lat="38.9581" lon="-105.38426">
        <ele>2456.05</ele>
      </trkpt>
      <trkpt lat="38.95809" lon="-105.38419">
        <ele>2455.56</ele>
      </trkpt>
      <trkpt lat="38.95806" lon="-105.38404">
        <ele>2455.7</ele>
      </trkpt>
      <trkpt lat="38.95798" lon="-105.38366">
        <ele>2455.42</ele>
      </trkpt>
      <trkpt lat="38.95796" lon="-105.38358">
        <ele>2455.42</ele>
      </trkpt>
      <trkpt lat="38.95794" lon="-105.38349">
        <ele>2456.74</ele>
      </trkpt>
      <trkpt lat="38.95792" lon="-105.38341">
        <ele>2456.94</ele>
      </trkpt>
      <trkpt lat="38.9579" lon="-105.38331">
        <ele>2457.08</ele>
      </trkpt>
      <trkpt lat="38.95784" lon="-105.38306">
        <ele>2459.1</ele>
      </trkpt>
      <trkpt lat="38.95776" lon="-105.38271">
        <ele>2459.85</ele>
      </trkpt>
      <trkpt lat="38.9577" lon="-105.3825">
        <ele>2460.07</ele>
      </trkpt>
      <trkpt lat="38.95766" lon="-105.38236">
        <ele>2459.91</ele>
      </trkpt>
      <trkpt lat="38.95764" lon="-105.38231">
        <ele>2459.31</ele>
      </trkpt>
      <trkpt lat="38.95762" lon="-105.38226">
        <ele>2459.31</ele>
      </trkpt>
      <trkpt lat="38.95759" lon="-105.38213">
        <ele>2458.81</ele>
      </trkpt>
      <trkpt lat="38.95756" lon="-105.38198">
        <ele>2457.99</ele>
      </trkpt>
      <trkpt lat="38.95756" lon="-105.38188">
        <ele>2456.39</ele>
      </trkpt>
      <trkpt lat="38.95754" lon="-105.38178">
        <ele>2456.45</ele>
      </trkpt>
      <trkpt lat="38.95754" lon="-105.38176">
        <ele>2456.45</ele>
      </trkpt>
      <trkpt lat="38.95754" lon="-105.38169">
        <ele>2455.71</ele>
      </trkpt>
      <trkpt lat="38.95754" lon="-105.38158">
        <ele>2454.97</ele>
      </trkpt>
      <trkpt lat="38.95753" lon="-105.38141">
        <ele>2453.35</ele>
      </trkpt>
      <trkpt lat="38.95754" lon="-105.38128">
        <ele>2451.99</ele>
      </trkpt>
      <trkpt lat="38.95754" lon="-105.38119">
        <ele>2451.75</ele>
      </trkpt>
      <trkpt lat="38.95754" lon="-105.38118">
        <ele>2451.75</ele>
      </trkpt>
      <trkpt lat="38.95755" lon="-105.38114">
        <ele>2450.99</ele>
      </trkpt>
      <trkpt lat="38.95756" lon="-105.38107">
        <ele>2451.05</ele>
      </trkpt>
      <trkpt lat="38.95756" lon="-105.38098">
        <ele>2451.35</ele>
      </trkpt>
      <trkpt lat="38.95759" lon="-105.38081">
        <ele>2452.29</ele>
      </trkpt>
      <trkpt lat="38.95763" lon="-105.38063">
        <ele>2452.83</ele>
      </trkpt>
      <trkpt lat="38.95771" lon="-105.38033">
        <ele>2453.57</ele>
      </trkpt>
      <trkpt lat="38.95774" lon="-105.38024">
        <ele>2453.43</ele>
      </trkpt>
      <trkpt lat="38.95777" lon="-105.38016">
        <ele>2452.63</ele>
      </trkpt>
      <trkpt lat="38.95779" lon="-105.38013">
        <ele>2452.63</ele>
      </trkpt>
      <trkpt lat="38.9578" lon="-105.38009">
        <ele>2452.63</ele>
      </trkpt>
      <trkpt lat="38.9578" lon="-105.38009">
        <ele>2452.63</ele>
      </trkpt>
      <trkpt lat="38.95783" lon="-105.38003">
        <ele>2451.81</ele>
      </trkpt>
      <trkpt lat="38.95791" lon="-105.3799">
        <ele>2450.77</ele>
      </trkpt>
      <trkpt lat="38.95801" lon="-105.37971">
        <ele>2449.93</ele>
      </trkpt>
      <trkpt lat="38.95823" lon="-105.37939">
        <ele>2449.93</ele>
      </trkpt>
      <trkpt lat="38.9583" lon="-105.37931">
        <ele>2450.03</ele>
      </trkpt>
      <trkpt lat="38.95835" lon="-105.37924">
        <ele>2449.95</ele>
      </trkpt>
      <trkpt lat="38.95838" lon="-105.3792">
        <ele>2450.33</ele>
      </trkpt>
      <trkpt lat="38.9584" lon="-105.37916">
        <ele>2450.33</ele>
      </trkpt>
      <trkpt lat="38.95847" lon="-105.37907">
        <ele>2451.05</ele>
      </trkpt>
      <trkpt lat="38.95856" lon="-105.37896">
        <ele>2452.91</ele>
      </trkpt>
      <trkpt lat="38.95869" lon="-105.37878">
        <ele>2454.23</ele>
      </trkpt>
      <trkpt lat="38.95875" lon="-105.3787">
        <ele>2454.53</ele>
      </trkpt>
      <trkpt lat="38.9589" lon="-105.37849">
        <ele>2454.54</ele>
      </trkpt>
      <trkpt lat="38.959" lon="-105.37837">
        <ele>2455.22</ele>
      </trkpt>
      <trkpt lat="38.95904" lon="-105.37832">
        <ele>2454.22</ele>
      </trkpt>
      <trkpt lat="38.95914" lon="-105.37817">
        <ele>2454.66</ele>
      </trkpt>
      <trkpt lat="38.95926" lon="-105.37798">
        <ele>2453.75</ele>
      </trkpt>
      <trkpt lat="38.95941" lon="-105.3777">
        <ele>2452.34</ele>
      </trkpt>
      <trkpt lat="38.95951" lon="-105.37752">
        <ele>2452.16</ele>
      </trkpt>
      <trkpt lat="38.95955" lon="-105.37745">
        <ele>2451.4</ele>
      </trkpt>
      <trkpt lat="38.95956" lon="-105.37742">
        <ele>2451.44</ele>
      </trkpt>
      <trkpt lat="38.95961" lon="-105.37732">
        <ele>2450.34</ele>
      </trkpt>
      <trkpt lat="38.95966" lon="-105.3772">
        <ele>2450.06</ele>
      </trkpt>
      <trkpt lat="38.95978" lon="-105.37693">
        <ele>2448.74</ele>
      </trkpt>
      <trkpt lat="38.9598" lon="-105.37688">
        <ele>2449.04</ele>
      </trkpt>
      <trkpt lat="38.95989" lon="-105.37666">
        <ele>2448.58</ele>
      </trkpt>
      <trkpt lat="38.95996" lon="-105.37651">
        <ele>2448.8</ele>
      </trkpt>
      <trkpt lat="38.95999" lon="-105.37645">
        <ele>2449.22</ele>
      </trkpt>
      <trkpt lat="38.96006" lon="-105.37628">
        <ele>2449.28</ele>
      </trkpt>
      <trkpt lat="38.96017" lon="-105.37603">
        <ele>2448.24</ele>
      </trkpt>
      <trkpt lat="38.96021" lon="-105.37594">
        <ele>2447.44</ele>
      </trkpt>
      <trkpt lat="38.9603" lon="-105.37573">
        <ele>2446.48</ele>
      </trkpt>
      <trkpt lat="38.96038" lon="-105.37556">
        <ele>2446.1</ele>
      </trkpt>
      <trkpt lat="38.96044" lon="-105.37545">
        <ele>2446.51</ele>
      </trkpt>
      <trkpt lat="38.96047" lon="-105.37539">
        <ele>2446.51</ele>
      </trkpt>
      <trkpt lat="38.96056" lon="-105.37523">
        <ele>2447.78</ele>
      </trkpt>
      <trkpt lat="38.96068" lon="-105.375">
        <ele>2449.46</ele>
      </trkpt>
      <trkpt lat="38.96075" lon="-105.37477">
        <ele>2448.38</ele>
      </trkpt>
      <trkpt lat="38.96081" lon="-105.37458">
        <ele>2449.1</ele>
      </trkpt>
      <trkpt lat="38.96086" lon="-105.37444">
        <ele>2448.13</ele>
      </trkpt>
      <trkpt lat="38.96087" lon="-105.37441">
        <ele>2448.01</ele>
      </trkpt>
      <trkpt lat="38.9609" lon="-105.37432">
        <ele>2446.17</ele>
      </trkpt>
      <trkpt lat="38.96095" lon="-105.37422">
        <ele>2446.03</ele>
      </trkpt>
      <trkpt lat="38.96101" lon="-105.37415">
        <ele>2446.17</ele>
      </trkpt>
      <trkpt lat="38.96108" lon="-105.37409">
        <ele>2446.25</ele>
      </trkpt>
      <trkpt lat="38.9612" lon="-105.37402">
        <ele>2447.01</ele>
      </trkpt>
      <trkpt lat="38.96127" lon="-105.37399">
        <ele>2448.95</ele>
      </trkpt>
      <trkpt lat="38.96131" lon="-105.37398">
        <ele>2449.69</ele>
      </trkpt>
      <trkpt lat="38.96136" lon="-105.37397">
        <ele>2451.09</ele>
      </trkpt>
      <trkpt lat="38.96142" lon="-105.37397">
        <ele>2452.75</ele>
      </trkpt>
      <trkpt lat="38.9615" lon="-105.37397">
        <ele>2454.32</ele>
      </trkpt>
      <trkpt lat="38.96157" lon="-105.37398">
        <ele>2455.74</ele>
      </trkpt>
      <trkpt lat="38.96161" lon="-105.37399">
        <ele>2455.74</ele>
      </trkpt>
      <trkpt lat="38.96166" lon="-105.374">
        <ele>2454.92</ele>
      </trkpt>
      <trkpt lat="38.9618" lon="-105.37405">
        <ele>2456.36</ele>
      </trkpt>
      <trkpt lat="38.962" lon="-105.37412">
        <ele>2454.88</ele>
      </trkpt>
      <trkpt lat="38.96204" lon="-105.37414">
        <ele>2455.15</ele>
      </trkpt>
      <trkpt lat="38.96223" lon="-105.37423">
        <ele>2453.39</ele>
      </trkpt>
      <trkpt lat="38.96238" lon="-105.3743">
        <ele>2454.21</ele>
      </trkpt>
      <trkpt lat="38.96247" lon="-105.37434">
        <ele>2454.84</ele>
      </trkpt>
      <trkpt lat="38.96252" lon="-105.37436">
        <ele>2455.65</ele>
      </trkpt>
      <trkpt lat="38.96266" lon="-105.37439">
        <ele>2456.13</ele>
      </trkpt>
      <trkpt lat="38.96285" lon="-105.37443">
        <ele>2454.13</ele>
      </trkpt>
      <trkpt lat="38.96298" lon="-105.37441">
        <ele>2454.31</ele>
      </trkpt>
      <trkpt lat="38.96309" lon="-105.37439">
        <ele>2451.82</ele>
      </trkpt>
      <trkpt lat="38.9632" lon="-105.37435">
        <ele>2449.86</ele>
      </trkpt>
      <trkpt lat="38.96327" lon="-105.37432">
        <ele>2447.8</ele>
      </trkpt>
      <trkpt lat="38.96333" lon="-105.37431">
        <ele>2445.94</ele>
      </trkpt>
      <trkpt lat="38.96335" lon="-105.3743">
        <ele>2444.98</ele>
      </trkpt>
      <trkpt lat="38.96341" lon="-105.37428">
        <ele>2444.98</ele>
      </trkpt>
      <trkpt lat="38.96353" lon="-105.37423">
        <ele>2444.62</ele>
      </trkpt>
      <trkpt lat="38.96369" lon="-105.37416">
        <ele>2444.54</ele>
      </trkpt>
      <trkpt lat="38.96389" lon="-105.374">
        <ele>2444.46</ele>
      </trkpt>
      <trkpt lat="38.96401" lon="-105.37389">
        <ele>2444.18</ele>
      </trkpt>
      <trkpt lat="38.96409" lon="-105.3738">
        <ele>2443.96</ele>
      </trkpt>
      <trkpt lat="38.96413" lon="-105.37377">
        <ele>2443.96</ele>
      </trkpt>
      <trkpt lat="38.96422" lon="-105.3737">
        <ele>2444.01</ele>
      </trkpt>
      <trkpt lat="38.96442" lon="-105.37356">
        <ele>2443.43</ele>
      </trkpt>
      <trkpt lat="38.96453" lon="-105.37349">
        <ele>2443.41</ele>
      </trkpt>
      <trkpt lat="38.96469" lon="-105.37338">
        <ele>2442.99</ele>
      </trkpt>
      <trkpt lat="38.96486" lon="-105.37325">
        <ele>2442.99</ele>
      </trkpt>
      <trkpt lat="38.96492" lon="-105.3732">
        <ele>2442.76</ele>
      </trkpt>
      <trkpt lat="38.96495" lon="-105.37318">
        <ele>2442.88</ele>
      </trkpt>
      <trkpt lat="38.96506" lon="-105.37309">
        <ele>2442.6</ele>
      </trkpt>
      <trkpt lat="38.96522" lon="-105.37297">
        <ele>2442.48</ele>
      </trkpt>
      <trkpt lat="38.96544" lon="-105.37279">
        <ele>2442.26</ele>
      </trkpt>
      <trkpt lat="38.96559" lon="-105.37266">
        <ele>2442.26</ele>
      </trkpt>
      <trkpt lat="38.96568" lon="-105.37259">
        <ele>2442.38</ele>
      </trkpt>
      <trkpt lat="38.96574" lon="-105.37254">
        <ele>2442.5</ele>
      </trkpt>
      <trkpt lat="38.96587" lon="-105.37243">
        <ele>2442.71</ele>
      </trkpt>
      <trkpt lat="38.96603" lon="-105.37231">
        <ele>2443.01</ele>
      </trkpt>
      <trkpt lat="38.96611" lon="-105.37224">
        <ele>2443.03</ele>
      </trkpt>
      <trkpt lat="38.96625" lon="-105.3721">
        <ele>2442.99</ele>
      </trkpt>
      <trkpt lat="38.96635" lon="-105.37199">
        <ele>2443.11</ele>
      </trkpt>
      <trkpt lat="38.96641" lon="-105.37192">
        <ele>2443.19</ele>
      </trkpt>
      <trkpt lat="38.96643" lon="-105.3719">
        <ele>2443.15</ele>
      </trkpt>
      <trkpt lat="38.96652" lon="-105.3718">
        <ele>2442.99</ele>
      </trkpt>
      <trkpt lat="38.96667" lon="-105.37163">
        <ele>2442.27</ele>
      </trkpt>
      <trkpt lat="38.96674" lon="-105.37155">
        <ele>2442.33</ele>
      </trkpt>
      <trkpt lat="38.96675" lon="-105.37153">
        <ele>2442.37</ele>
      </trkpt>
      <trkpt lat="38.96677" lon="-105.37149">
        <ele>2442.35</ele>
      </trkpt>
      <trkpt lat="38.96682" lon="-105.37141">
        <ele>2442.34</ele>
      </trkpt>
      <trkpt lat="38.9669" lon="-105.37126">
        <ele>2442.18</ele>
      </trkpt>
      <trkpt lat="38.96695" lon="-105.37115">
        <ele>2444.37</ele>
      </trkpt>
      <trkpt lat="38.96698" lon="-105.3711">
        <ele>2442.41</ele>
      </trkpt>
      <trkpt lat="38.967" lon="-105.37106">
        <ele>2443.61</ele>
      </trkpt>
      <trkpt lat="38.967" lon="-105.37106">
        <ele>2443.61</ele>
      </trkpt>
      <trkpt lat="38.96702" lon="-105.37103">
        <ele>2441.31</ele>
      </trkpt>
      <trkpt lat="38.96709" lon="-105.37091">
        <ele>2440.43</ele>
      </trkpt>
      <trkpt lat="38.9672" lon="-105.3707">
        <ele>2442.41</ele>
      </trkpt>
      <trkpt lat="38.9673" lon="-105.37051">
        <ele>2441.51</ele>
      </trkpt>
      <trkpt lat="38.9674" lon="-105.37034">
        <ele>2442.73</ele>
      </trkpt>
      <trkpt lat="38.96748" lon="-105.3702">
        <ele>2443.75</ele>
      </trkpt>
      <trkpt lat="38.96753" lon="-105.37012">
        <ele>2443.23</ele>
      </trkpt>
      <trkpt lat="38.96755" lon="-105.37008">
        <ele>2443.23</ele>
      </trkpt>
      <trkpt lat="38.96761" lon="-105.36999">
        <ele>2442.63</ele>
      </trkpt>
      <trkpt lat="38.96769" lon="-105.36985">
        <ele>2439.99</ele>
      </trkpt>
      <trkpt lat="38.96774" lon="-105.36974">
        <ele>2441.32</ele>
      </trkpt>
      <trkpt lat="38.96779" lon="-105.3696">
        <ele>2440.44</ele>
      </trkpt>
      <trkpt lat="38.96782" lon="-105.36947">
        <ele>2437.26</ele>
      </trkpt>
      <trkpt lat="38.96782" lon="-105.36941">
        <ele>2439.22</ele>
      </trkpt>
      <trkpt lat="38.96783" lon="-105.36937">
        <ele>2439.22</ele>
      </trkpt>
      <trkpt lat="38.96783" lon="-105.36923">
        <ele>2440.74</ele>
      </trkpt>
      <trkpt lat="38.96782" lon="-105.36917">
        <ele>2440.74</ele>
      </trkpt>
      <trkpt lat="38.96782" lon="-105.36911">
        <ele>2440.74</ele>
      </trkpt>
      <trkpt lat="38.96781" lon="-105.36908">
        <ele>2444.02</ele>
      </trkpt>
      <trkpt lat="38.9678" lon="-105.36902">
        <ele>2444.02</ele>
      </trkpt>
      <trkpt lat="38.96778" lon="-105.36892">
        <ele>2442.9</ele>
      </trkpt>
      <trkpt lat="38.96775" lon="-105.36883">
        <ele>2444.48</ele>
      </trkpt>
      <trkpt lat="38.9677" lon="-105.36862">
        <ele>2440.84</ele>
      </trkpt>
      <trkpt lat="38.96767" lon="-105.36853">
        <ele>2439.64</ele>
      </trkpt>
      <trkpt lat="38.96764" lon="-105.36841">
        <ele>2430.85</ele>
      </trkpt>
      <trkpt lat="38.96755" lon="-105.36816">
        <ele>2430.71</ele>
      </trkpt>
      <trkpt lat="38.96753" lon="-105.3681">
        <ele>2429.69</ele>
      </trkpt>
      <trkpt lat="38.96751" lon="-105.36804">
        <ele>2428.93</ele>
      </trkpt>
      <trkpt lat="38.9675" lon="-105.368">
        <ele>2428.93</ele>
      </trkpt>
      <trkpt lat="38.96749" lon="-105.36798">
        <ele>2428.37</ele>
      </trkpt>
      <trkpt lat="38.96745" lon="-105.36783">
        <ele>2429.69</ele>
      </trkpt>
      <trkpt lat="38.96739" lon="-105.3676">
        <ele>2430.3</ele>
      </trkpt>
      <trkpt lat="38.96735" lon="-105.3674">
        <ele>2431.05</ele>
      </trkpt>
      <trkpt lat="38.96732" lon="-105.3671">
        <ele>2428.67</ele>
      </trkpt>
      <trkpt lat="38.96732" lon="-105.367">
        <ele>2428.32</ele>
      </trkpt>
      <trkpt lat="38.96733" lon="-105.36696">
        <ele>2428.32</ele>
      </trkpt>
      <trkpt lat="38.96733" lon="-105.36691">
        <ele>2428.24</ele>
      </trkpt>
      <trkpt lat="38.96733" lon="-105.36688">
        <ele>2428.24</ele>
      </trkpt>
      <trkpt lat="38.96733" lon="-105.36685">
        <ele>2428.3</ele>
      </trkpt>
      <trkpt lat="38.96734" lon="-105.36675">
        <ele>2428.52</ele>
      </trkpt>
      <trkpt lat="38.96737" lon="-105.36663">
        <ele>2427.71</ele>
      </trkpt>
      <trkpt lat="38.96742" lon="-105.36646">
        <ele>2427.89</ele>
      </trkpt>
      <trkpt lat="38.96748" lon="-105.36627">
        <ele>2429.23</ele>
      </trkpt>
      <trkpt lat="38.96754" lon="-105.36605">
        <ele>2430.11</ele>
      </trkpt>
      <trkpt lat="38.96759" lon="-105.36588">
        <ele>2429.67</ele>
      </trkpt>
      <trkpt lat="38.96761" lon="-105.36579">
        <ele>2430.35</ele>
      </trkpt>
      <trkpt lat="38.96764" lon="-105.36569">
        <ele>2429.03</ele>
      </trkpt>
      <trkpt lat="38.96769" lon="-105.3655">
        <ele>2428.48</ele>
      </trkpt>
      <trkpt lat="38.96776" lon="-105.36524">
        <ele>2428.8</ele>
      </trkpt>
      <trkpt lat="38.96776" lon="-105.36524">
        <ele>2428.8</ele>
      </trkpt>
      <trkpt lat="38.96777" lon="-105.36517">
        <ele>2429.38</ele>
      </trkpt>
      <trkpt lat="38.96779" lon="-105.36512">
        <ele>2429.88</ele>
      </trkpt>
      <trkpt lat="38.9678" lon="-105.36505">
        <ele>2430.24</ele>
      </trkpt>
      <trkpt lat="38.9678" lon="-105.365">
        <ele>2430.24</ele>
      </trkpt>
      <trkpt lat="38.96782" lon="-105.36493">
        <ele>2429.09</ele>
      </trkpt>
      <trkpt lat="38.96783" lon="-105.36485">
        <ele>2429.23</ele>
      </trkpt>
      <trkpt lat="38.96783" lon="-105.3648">
        <ele>2429.31</ele>
      </trkpt>
      <trkpt lat="38.96784" lon="-105.36476">
        <ele>2429.31</ele>
      </trkpt>
      <trkpt lat="38.96784" lon="-105.3647">
        <ele>2429.39</ele>
      </trkpt>
      <trkpt lat="38.96784" lon="-105.36468">
        <ele>2429.39</ele>
      </trkpt>
      <trkpt lat="38.96785" lon="-105.36464">
        <ele>2429.39</ele>
      </trkpt>
      <trkpt lat="38.96785" lon="-105.36453">
        <ele>2429.53</ele>
      </trkpt>
      <trkpt lat="38.96786" lon="-105.3644">
        <ele>2429.63</ele>
      </trkpt>
      <trkpt lat="38.96786" lon="-105.3642">
        <ele>2429.78</ele>
      </trkpt>
      <trkpt lat="38.96787" lon="-105.3641">
        <ele>2429.72</ele>
      </trkpt>
      <trkpt lat="38.96787" lon="-105.36406">
        <ele>2429.72</ele>
      </trkpt>
      <trkpt lat="38.96788" lon="-105.36394">
        <ele>2429.26</ele>
      </trkpt>
      <trkpt lat="38.96791" lon="-105.3638">
        <ele>2428.36</ele>
      </trkpt>
      <trkpt lat="38.96794" lon="-105.3637">
        <ele>2428.1</ele>
      </trkpt>
      <trkpt lat="38.96798" lon="-105.36361">
        <ele>2427.4</ele>
      </trkpt>
      <trkpt lat="38.968" lon="-105.36356">
        <ele>2427.44</ele>
      </trkpt>
      <trkpt lat="38.96804" lon="-105.36348">
        <ele>2427.5</ele>
      </trkpt>
      <trkpt lat="38.96814" lon="-105.36331">
        <ele>2428.58</ele>
      </trkpt>
      <trkpt lat="38.96828" lon="-105.3631">
        <ele>2429.36</ele>
      </trkpt>
      <trkpt lat="38.96839" lon="-105.36297">
        <ele>2429.74</ele>
      </trkpt>
      <trkpt lat="38.96843" lon="-105.36294">
        <ele>2429.38</ele>
      </trkpt>
      <trkpt lat="38.96851" lon="-105.36285">
        <ele>2429.62</ele>
      </trkpt>
      <trkpt lat="38.96856" lon="-105.36283">
        <ele>2430.14</ele>
      </trkpt>
      <trkpt lat="38.9686" lon="-105.36281">
        <ele>2430.14</ele>
      </trkpt>
      <trkpt lat="38.96863" lon="-105.3628">
        <ele>2429.74</ele>
      </trkpt>
      <trkpt lat="38.96864" lon="-105.3628">
        <ele>2429.74</ele>
      </trkpt>
      <trkpt lat="38.96866" lon="-105.3628">
        <ele>2429.74</ele>
      </trkpt>
      <trkpt lat="38.96868" lon="-105.36279">
        <ele>2429.74</ele>
      </trkpt>
      <trkpt lat="38.96872" lon="-105.36279">
        <ele>2429.38</ele>
      </trkpt>
      <trkpt lat="38.9688" lon="-105.36276">
        <ele>2429.04</ele>
      </trkpt>
      <trkpt lat="38.96894" lon="-105.36272">
        <ele>2429.74</ele>
      </trkpt>
      <trkpt lat="38.96907" lon="-105.3627">
        <ele>2429.29</ele>
      </trkpt>
      <trkpt lat="38.96909" lon="-105.3627">
        <ele>2429.17</ele>
      </trkpt>
      <trkpt lat="38.96909" lon="-105.3627">
        <ele>2429.17</ele>
      </trkpt>
      <trkpt lat="38.96918" lon="-105.36268">
        <ele>2429.09</ele>
      </trkpt>
      <trkpt lat="38.96921" lon="-105.36294">
        <ele>2426.52</ele>
      </trkpt>
      <trkpt lat="38.96921" lon="-105.36313">
        <ele>2425.66</ele>
      </trkpt>
      <trkpt lat="38.96921" lon="-105.36313">
        <ele>2425.66</ele>
      </trkpt>
      <trkpt lat="38.96921" lon="-105.36347">
        <ele>2424.58</ele>
      </trkpt>
      <trkpt lat="38.96917" lon="-105.36355">
        <ele>2424.38</ele>
      </trkpt>
      <trkpt lat="38.969" lon="-105.36366">
        <ele>2424.7</ele>
      </trkpt>
      <trkpt lat="38.96888" lon="-105.36374">
        <ele>2424.81</ele>
      </trkpt>
      <trkpt lat="38.96873" lon="-105.36368">
        <ele>2425.21</ele>
      </trkpt>
      <trkpt lat="38.96865" lon="-105.36368">
        <ele>2425.37</ele>
      </trkpt>
    </trkseg>
  </trk>
</gpx>
